42.03,2.5420513
42.03,4.417791
42.03,2.784
64.9,2.5420513
64.9,4.417791
64.9,2.784
64.9,3.6583333
64.9,6.636567
40.4,3.6583333
40.4,4.417791
40.4,6.8766665
131.435,4.417791
131.435,3.6583333
131.435,6.64
131.435,6.8766665
130.47,3.6583333
130.47,6.8766665
130.47,6.64
116.333336,6.64
116.333336,6.8766665
116.333336,3.35
156.95,6.8766665
156.95,6.64
156.95,3.35
129.91333,3.6583333
129.91333,4.417791
129.91333,6.636567
129.91333,6.6144443
129.91333,2.8488371
110.57191,4.417791
110.57191,6.636567
147.61024,6.636567
147.61024,3.8966668
147.61024,5.973636
147.61024,6.6144443
56.378216,3.8966668
147.4,6.636567
147.4,5.973636
147.4,6.6144443
114.57189,5.973636
114.57189,6.6144443
114.57189,2.8488371
124.05,6.6144443
124.05,4.417791
124.05,6.636567
124.05,2.784
124.05,2.8488371
24.2,6.6144443
24.2,2.8488371
24.2,2.784
46.9,2.784
46.9,2.8488371
46.9,2.5420513
46.9,4.417791
/
42.03,2.5420513
42.03,4.417791
42.03,2.784
64.0,2.5420513
64.0,4.417791
64.0,2.784
64.0,3.6583333
64.0,6.69
39.7,3.6583333
39.7,4.417791
39.7,6.8766665
131.435,4.417791
131.435,3.6583333
131.435,6.64
131.435,6.8766665
130.47,3.6583333
130.47,6.8766665
130.47,6.64
116.333336,6.64
116.333336,6.8766665
116.333336,3.35
156.95,6.8766665
156.95,6.64
156.95,3.35
128.1,3.6583333
128.1,4.417791
128.1,6.69
128.1,6.6144443
128.1,2.8488371
114.4,4.417791
114.4,6.69
114.4,8.672857
146.9,6.69
146.9,8.672857
146.9,8.46
146.9,6.6144443
143.55,6.69
143.55,8.672857
143.55,8.46
143.55,6.6144443
114.9,8.46
114.9,6.6144443
114.9,2.8488371
124.4,6.6144443
124.4,4.417791
124.4,6.69
124.4,2.784
124.4,2.8488371
24.2,6.6144443
24.2,2.8488371
24.2,2.784
46.9,2.784
46.9,2.8488371
46.9,2.5420513
46.9,4.417791
/
42.03,2.5420513
42.03,4.417791
42.03,2.784
64.9,2.5420513
64.9,4.417791
64.9,2.784
64.9,3.6583333
64.9,6.636567
39.1,3.6583333
39.1,4.417791
39.1,6.8766665
134.0,4.417791
134.0,3.6583333
134.0,6.8
134.0,6.8766665
132.4,3.6583333
132.4,6.8766665
132.4,6.8
115.42,6.8
115.42,6.8766665
160.09,6.8766665
160.09,6.8
160.09,3.74
54.67,3.74
129.91333,3.6583333
129.91333,4.417791
129.91333,6.636567
129.91333,6.6144443
129.91333,2.8488371
110.57191,4.417791
110.57191,6.636567
147.61024,6.636567
147.61024,3.8966668
147.61024,5.973636
147.61024,6.6144443
56.378216,3.8966668
147.4,6.636567
147.4,5.973636
147.4,6.6144443
114.57189,5.973636
114.57189,6.6144443
114.57189,2.8488371
124.05,6.6144443
124.05,4.417791
124.05,6.636567
124.05,2.784
124.05,2.8488371
24.2,6.6144443
24.2,2.8488371
24.2,2.784
46.9,2.784
46.9,2.8488371
46.9,2.5420513
46.9,4.417791
/
42.03,2.5420513
42.03,4.417791
42.03,2.784
64.0,2.5420513
64.0,4.417791
64.0,2.784
64.0,3.6583333
64.0,6.69
40.05,3.6583333
40.05,4.417791
40.05,6.8766665
134.0,4.417791
134.0,3.6583333
134.0,6.8
134.0,6.8766665
132.4,3.6583333
132.4,6.8766665
132.4,6.8
115.42,6.8
115.42,6.8766665
160.09,6.8766665
160.09,6.8
160.09,3.74
54.67,3.74
128.1,3.6583333
128.1,4.417791
128.1,6.69
128.1,6.6144443
128.1,2.8488371
114.4,4.417791
114.4,6.69
114.4,8.672857
146.9,6.69
146.9,8.672857
146.9,8.46
146.9,6.6144443
143.55,6.69
143.55,8.672857
143.55,8.46
143.55,6.6144443
114.9,8.46
114.9,6.6144443
114.9,2.8488371
124.4,6.6144443
124.4,4.417791
124.4,6.69
124.4,2.784
124.4,2.8488371
24.2,6.6144443
24.2,2.8488371
24.2,2.784
46.9,2.784
46.9,2.8488371
46.9,2.5420513
46.9,4.417791
/
147.9,8.46
147.9,8.672857
147.9,6.69
147.9,6.6144443
146.9,8.46
146.9,6.6144443
146.9,8.672857
146.9,6.69
111.0,8.672857
111.0,6.69
111.0,4.13
127.95,6.69
127.95,3.005
127.95,2.86
127.95,4.13
127.95,2.78
127.95,6.6144443
57.8,6.69
57.8,4.13
57.8,3.005
57.8,3.075
57.8,2.86
41.7,3.005
41.7,2.86
41.7,4.13
41.7,6.8766665
128.8,4.13
128.8,3.005
128.8,6.64
128.8,6.8766665
131.3,3.005
131.3,6.8766665
131.3,6.64
116.333336,6.64
116.333336,6.8766665
116.333336,3.35
156.95,6.8766665
156.95,6.64
156.95,3.35
43.2,4.13
43.2,3.075
43.2,2.86
43.2,2.78
26.1,2.86
26.1,2.78
26.1,3.075
26.1,6.6144443
123.3,6.69
123.3,4.13
123.3,3.075
123.3,2.78
123.3,6.6144443
111.0,2.78
111.0,6.6144443
111.0,8.46
/
147.4,5.973636
147.4,6.636567
147.4,6.6144443
147.61024,5.973636
147.61024,6.6144443
147.61024,3.8966668
147.61024,6.636567
56.378216,3.8966668
110.57191,6.636567
110.57191,4.13
130.4,6.636567
130.4,3.005
130.4,2.86
130.4,4.13
130.4,2.78
130.4,6.6144443
57.8,6.636567
57.8,4.13
57.8,3.005
57.8,3.075
57.8,2.86
41.7,3.005
41.7,2.86
41.7,4.13
41.7,6.8766665
128.8,4.13
128.8,3.005
128.8,6.64
128.8,6.8766665
131.3,3.005
131.3,6.8766665
131.3,6.64
116.333336,6.64
116.333336,6.8766665
116.333336,3.35
156.95,6.8766665
156.95,6.64
156.95,3.35
43.2,4.13
43.2,3.075
43.2,2.86
43.2,2.78
26.1,2.86
26.1,2.78
26.1,3.075
26.1,6.6144443
123.3,6.636567
123.3,4.13
123.3,3.075
123.3,2.78
123.3,6.6144443
114.57189,2.78
114.57189,6.6144443
114.57189,5.973636
/
151.4,7.6635847
151.4,6.63
144.7,7.6635847
144.7,6.63
144.7,3.8425
60.3,3.8425
124.077774,7.9
124.077774,2.975
124.6,7.9
124.6,6.83
124.6,2.76
112.8,7.9
148.0,7.9
148.0,3.8966668
148.0,5.973636
148.0,6.83
56.6,3.8966668
147.4,7.9
147.4,5.973636
147.4,6.83
115.8,5.973636
115.8,6.83
115.8,2.76
129.36,7.9
129.36,6.83
129.36,2.975
129.36,2.76
34.6,6.83
34.6,2.76
34.6,2.975
126.675,2.76
126.675,2.975
126.675,2.63
126.675,6.63
62.25,2.975
62.25,2.76
62.25,2.556
62.25,2.784
43.74,2.975
43.74,2.556
43.74,2.784
52.968422,2.975
52.968422,2.556
52.968422,2.784
52.968422,2.63
28.3,2.63
28.3,2.784
28.3,6.63
128.8,2.975
128.8,2.784
128.8,2.63
128.8,6.63
115.5,2.63
115.5,6.63
115.5,7.6635847
/
151.4,7.6635847
151.4,6.63
144.7,7.6635847
144.7,6.63
144.7,3.8425
60.3,3.8425
127.9,7.9
127.9,3.58
124.6,7.9
124.6,6.83
124.6,2.6
112.8,7.9
148.0,7.9
148.0,3.8966668
148.0,5.973636
148.0,6.83
56.6,3.8966668
147.4,7.9
147.4,5.973636
147.4,6.83
115.8,5.973636
115.8,6.83
115.8,2.6
129.4,7.9
129.4,6.83
129.4,3.58
129.4,2.6
35.8,6.83
35.8,2.6
35.8,2.86
35.8,3.58
126.8,2.6
126.8,2.86
126.8,3.58
126.8,2.9
126.8,6.63
54.7,3.58
54.7,2.6
54.7,3.105
54.7,2.86
43.2,3.58
43.2,3.105
43.2,2.86
43.2,2.9
27.8,2.86
27.8,2.9
27.8,3.105
27.8,6.63
129.2,3.58
129.2,3.105
129.2,2.9
129.2,6.63
115.5,2.9
115.5,6.63
115.5,7.6635847
/
154.90428,8.72
154.90428,7.11
154.90428,7.306978
123.865715,8.72
123.865715,7.11
123.865715,7.306978
123.865715,7.303127
131.6,7.11
131.6,7.306978
131.6,7.303127
126.32823,7.11
126.32823,7.306978
126.32823,7.303127
126.32823,2.7675
129.8,7.306978
129.8,7.303127
129.8,2.89
129.8,2.7675
35.9,7.303127
35.9,2.7675
35.9,2.89
120.926,7.303127
120.926,2.7675
120.926,8.72
120.926,7.11
125.7,2.89
120.1,2.7675
120.1,2.89
120.1,2.96
120.1,6.73
62.9,2.89
62.9,2.7675
62.9,2.556
62.9,2.784
43.74,2.89
43.74,2.556
43.74,2.784
53.04,2.89
53.04,2.556
53.04,2.784
53.04,2.96
29.4,2.96
29.4,2.784
29.4,6.73
129.0,2.89
129.0,2.784
129.0,2.96
129.0,6.73
111.1,2.96
111.1,6.73
151.25,6.73
151.25,3.8857143
56.45,3.8857143
142.0,6.73
142.0,3.8425
60.133335,3.8425
/
143.95,8.73
143.95,6.71
146.50555,8.73
146.50555,3.8857143
146.50555,6.71
56.4988,3.8857143
110.7,6.71
110.7,2.96
127.4,6.71
127.4,3.06
127.4,2.784
127.4,2.96
125.63684,6.71
125.63684,2.96
125.63684,2.7675
125.63684,3.06
120.926,3.06
120.926,8.73
120.926,6.9543915
120.926,7.303127
120.926,2.7675
156.0,3.89
156.0,6.9543915
156.0,7.01
56.5325,3.89
116.1,6.9543915
116.1,7.01
116.1,7.303127
130.29524,6.9543915
130.29524,7.01
130.29524,7.303127
126.32823,6.9543915
126.32823,7.01
126.32823,7.303127
126.32823,2.7675
129.8,7.01
129.8,7.303127
129.8,3.06
129.8,2.7675
35.9,7.303127
35.9,2.7675
35.9,3.06
62.286667,3.06
62.286667,2.7675
62.286667,2.556
62.286667,2.784
43.74,3.06
43.74,2.556
43.74,2.784
53.04,3.06
53.04,2.556
53.04,2.784
53.04,2.96
29.106667,2.96
29.106667,2.784
29.106667,6.71
/
116.1,6.9543915
116.1,7.01
116.1,7.303127
130.29524,6.9543915
130.29524,7.01
130.29524,7.303127
126.32823,6.9543915
126.32823,7.01
126.32823,7.303127
126.32823,2.6
156.0,6.9543915
156.0,7.01
156.0,3.89
56.5325,3.89
120.926,6.9543915
120.926,7.303127
120.926,2.6
129.8,7.01
129.8,7.303127
129.8,3.58
129.8,2.6
38.1,7.303127
38.1,2.6
38.1,2.86
38.1,3.58
54.7,3.58
54.7,2.6
54.7,3.105
54.7,2.86
130.0,2.6
130.0,2.86
130.0,3.58
130.0,6.65
130.0,2.9
125.7,3.58
142.0,3.8425
142.0,6.65
60.133335,3.8425
151.25,3.8857143
151.25,6.65
56.45,3.8857143
111.5,6.65
111.5,2.9
130.1,6.65
130.1,3.58
130.1,3.105
130.1,2.9
27.8,6.65
27.8,2.9
27.8,2.86
27.8,3.105
43.2,3.105
43.2,2.9
43.2,3.58
43.2,2.86
/
144.0,8.85
144.0,7.0466666
149.35,8.85
149.35,3.8857143
149.35,7.0466666
149.35,6.86
56.4988,3.8857143
111.0,7.0466666
111.0,6.86
119.0,7.0466666
119.0,6.86
119.0,2.755
130.0,7.0466666
130.0,6.86
130.0,2.89
130.0,2.755
35.9,6.86
35.9,2.755
35.9,2.89
119.0,8.85
126.0,2.89
120.1,2.755
120.1,2.89
120.1,2.96
120.1,6.73
62.9,2.89
62.9,2.755
62.9,2.556
62.9,2.784
43.74,2.89
43.74,2.556
43.74,2.784
53.04,2.89
53.04,2.556
53.04,2.784
53.04,2.96
29.4,2.96
29.4,2.784
29.4,6.73
129.0,2.89
129.0,2.784
129.0,2.96
129.0,6.73
111.1,2.96
111.1,6.73
151.3,6.73
151.3,3.8857143
56.45,3.8857143
142.2,6.73
142.2,3.8425
60.133335,3.8425
/
143.9,8.85
143.9,7.0466666
149.35,8.85
149.35,3.8857143
149.35,7.0466666
149.35,6.73
56.4988,3.8857143
110.8,7.0466666
110.8,6.73
118.7,7.0466666
118.7,6.73
118.7,2.6
129.6,7.0466666
129.6,6.73
129.6,3.58
129.6,2.6
38.1,6.73
38.1,2.6
38.1,2.86
38.1,3.58
119.9,6.73
119.9,2.6
119.9,8.85
125.4,3.58
130.0,2.6
130.0,2.86
130.0,3.58
130.0,2.9
130.0,6.65
54.7,3.58
54.7,2.6
54.7,3.105
54.7,2.86
43.2,3.58
43.2,3.105
43.2,2.86
43.2,2.9
27.8,2.86
27.8,2.9
27.8,3.105
27.8,6.65
130.1,3.58
130.1,3.105
130.1,2.9
130.1,6.65
111.5,2.9
111.5,6.65
151.2,6.65
151.2,3.8857143
56.45,3.8857143
141.8,6.65
141.8,3.8425
60.133335,3.8425
/
126.7,7.244
126.7,7.303127
126.7,7.98
127.7,7.244
127.7,7.303127
127.7,2.9440742
135.9,7.244
135.9,7.303127
135.9,2.975
135.9,2.9440742
135.9,7.98
34.8,7.303127
34.8,2.9440742
34.8,2.975
132.9,7.303127
132.9,2.9440742
132.9,7.244
132.9,7.98
132.9,7.6692615
123.95,7.98
123.95,7.244
127.35,7.244
127.35,7.98
127.35,7.303127
138.13324,7.98
138.13324,2.975
138.13324,7.255
138.13324,7.6692615
126.27917,7.6692615
126.27917,2.9440742
126.27917,2.975
126.27917,2.8488371
126.27917,7.303127
62.16316,2.975
62.16316,2.9440742
62.16316,2.556
62.16316,2.784
43.710526,2.975
43.710526,2.556
43.710526,2.784
49.969696,2.975
49.969696,2.556
49.969696,2.784
49.969696,2.8488371
28.235437,2.8488371
28.235437,2.784
28.235437,7.303127
135.46352,2.975
135.46352,2.784
135.46352,2.8488371
135.46352,7.255
135.46352,7.303127
126.32823,2.8488371
126.32823,7.303127
126.32823,7.6692615
126.32823,7.255
126.39,7.255
126.39,7.303127
126.39,7.6692615
121.44234,7.303127
121.44234,7.6692615
121.44234,7.255
/
156.95,3.35
156.95,6.8766665
156.95,6.64
116.333336,3.35
116.333336,6.64
116.333336,6.8766665
130.36,6.8766665
130.36,6.64
130.36,3.069
127.63,6.64
127.63,6.8766665
127.63,4.191
127.63,3.069
39.25,6.8766665
39.25,3.069
39.25,8.4
39.25,4.191
57.078182,4.191
57.078182,3.069
57.078182,8.4
57.078182,7.25
177.18608,3.069
177.18608,8.4
177.18608,4.191
177.18608,7.25
/
56.9,3.7473333
56.9,8.2
56.9,7.25
56.9,3.0126073
174.1,8.2
174.1,3.0126073
174.1,3.7473333
174.1,7.25
37.7,8.2
37.7,3.0126073
37.7,3.7473333
37.7,6.6975
37.7,6.8766665
129.1,3.7473333
129.1,3.0126073
129.1,6.6975
129.1,6.673333
129.1,6.8766665
116.2,3.0126073
116.2,6.6975
116.2,6.8766665
116.2,7.7966666
146.3,6.6975
146.3,7.7966666
146.3,8.324546
146.3,6.673333
145.1,6.6975
145.1,7.7966666
145.1,8.324546
145.1,6.8766665
145.1,6.673333
116.9,8.324546
116.9,6.673333
116.9,6.8766665
121.3,6.8766665
121.3,6.673333
121.3,3.0126073
121.3,6.6975
/
192.0,10.02
192.0,4.140911
160.2,4.140911
160.2,10.02
43.0,4.140911
43.0,6.8766665
131.93422,4.140911
131.93422,6.64
131.93422,6.8766665
130.445,4.140911
130.445,6.8766665
130.445,6.64
116.333336,6.64
116.333336,6.8766665
116.333336,3.35
156.95,6.8766665
156.95,6.64
156.95,3.35
/
42.992,2.93
42.992,1.35
42.992,2.69
38.278,1.35
38.278,2.69
38.278,2.93
38.278,6.6975
38.278,6.8766665
132.90134,2.93
132.90134,2.69
132.90134,6.6975
132.90134,6.673333
132.90134,6.8766665
115.84068,2.69
115.84068,6.6975
115.84068,6.8766665
115.84068,7.7966666
145.88,6.6975
145.88,7.7966666
145.88,8.324546
145.88,6.673333
144.86667,6.6975
144.86667,7.7966666
144.86667,8.324546
144.86667,6.8766665
144.86667,6.673333
115.75,8.324546
115.75,6.673333
115.75,6.8766665
124.9,6.8766665
124.9,6.673333
124.9,2.69
124.9,6.6975
/
156.95,3.35
156.95,6.8766665
156.95,6.64
116.333336,3.35
116.333336,6.64
116.333336,6.8766665
126.970314,6.8766665
126.970314,6.64
126.970314,3.66
132.0,6.64
132.0,6.8766665
132.0,9.72
132.0,3.66
50.6,6.8766665
50.6,3.66
50.6,9.72
199.3,9.72
199.3,3.66
/
146.9,8.672857
146.9,8.46
146.9,6.6144443
146.9,6.69
147.9,8.672857
147.9,6.69
147.9,8.46
147.9,6.6144443
111.0,8.46
111.0,6.6144443
111.0,2.78
123.3,6.6144443
123.3,3.075
123.3,2.78
123.3,4.13
123.3,6.69
26.1,6.6144443
26.1,2.78
26.1,2.86
26.1,3.075
41.0,3.075
41.0,2.78
41.0,4.13
41.0,2.86
57.8,3.075
57.8,4.13
57.8,2.86
57.8,3.005
57.8,6.69
41.7,2.86
41.7,4.13
41.7,3.005
41.7,6.8766665
128.8,4.13
128.8,3.005
128.8,6.64
128.8,6.8766665
131.3,3.005
131.3,6.8766665
131.3,6.64
116.333336,6.64
116.333336,6.8766665
116.333336,3.35
156.95,6.8766665
156.95,6.64
156.95,3.35
129.6,6.6144443
129.6,2.78
129.6,2.86
129.6,4.13
129.6,3.005
129.6,6.69
111.0,4.13
111.0,6.69
111.0,8.672857
/
147.0,5.973636
147.0,6.65
147.0,6.69
149.0,5.973636
149.0,6.69
149.0,3.8966668
149.0,6.65
56.4,3.8966668
112.7,6.65
112.7,2.78
124.0,6.65
124.0,3.075
124.0,2.78
124.0,4.13
124.0,6.69
26.1,6.65
26.1,2.78
26.1,2.86
26.1,3.075
41.0,3.075
41.0,2.78
41.0,4.13
41.0,2.86
57.8,3.075
57.8,4.13
57.8,2.86
57.8,3.005
57.8,6.69
41.7,2.86
41.7,4.13
41.7,3.005
41.7,6.8766665
128.8,4.13
128.8,3.005
128.8,6.64
128.8,6.8766665
131.3,3.005
131.3,6.8766665
131.3,6.64
116.333336,6.64
116.333336,6.8766665
116.333336,3.35
156.95,6.8766665
156.95,6.64
156.95,3.35
129.6,6.65
129.6,2.78
129.6,2.86
129.6,4.13
129.6,3.005
129.6,6.69
113.5,4.13
113.5,6.69
113.5,5.973636
/
147.0,5.973636
147.0,6.65
147.0,6.69
149.0,5.973636
149.0,6.69
149.0,3.8966668
149.0,6.65
56.4,3.8966668
112.7,6.65
112.7,2.8488371
124.7,6.65
124.7,2.75
124.7,2.8488371
124.7,4.417791
124.7,6.69
24.4,6.65
24.4,2.8488371
24.4,2.75
49.5,2.75
49.5,2.8488371
49.5,2.52
49.5,4.417791
43.1,2.75
43.1,2.52
43.1,4.417791
64.0,2.75
64.0,2.52
64.0,4.417791
64.0,3.6583333
64.0,6.69
39.7,4.417791
39.7,3.6583333
39.7,6.8766665
131.435,4.417791
131.435,3.6583333
131.435,6.64
131.435,6.8766665
130.47,3.6583333
130.47,6.8766665
130.47,6.64
116.333336,6.64
116.333336,6.8766665
116.333336,3.35
156.95,6.8766665
156.95,6.64
156.95,3.35
128.85,6.65
128.85,2.8488371
128.85,4.417791
128.85,3.6583333
128.85,6.69
113.4,4.417791
113.4,6.69
113.4,5.973636
/
147.0,5.973636
147.0,6.65
147.0,6.69
149.0,5.973636
149.0,6.69
149.0,3.8966668
149.0,6.65
56.4,3.8966668
112.7,6.65
112.7,2.78
124.0,6.65
124.0,3.075
124.0,2.78
124.0,4.13
124.0,6.69
26.1,6.65
26.1,2.78
26.1,2.86
26.1,3.075
41.0,3.075
41.0,2.78
41.0,4.13
41.0,2.86
60.5,3.075
60.5,4.13
60.5,2.86
60.5,2.8825
60.5,6.69
41.733334,2.86
41.733334,4.13
41.733334,2.8825
41.733334,6.6975
41.733334,6.8766665
133.6312,4.13
133.6312,2.8825
133.6312,6.6975
133.6312,7.0466666
133.6312,6.8766665
115.84068,2.8825
115.84068,6.6975
115.84068,6.8766665
115.84068,5.973636
146.32,6.6975
146.32,5.973636
146.32,7.0466666
150.8,6.6975
150.8,5.973636
150.8,3.8857143
150.8,6.8766665
150.8,7.0466666
60.2,3.8857143
112.4,7.0466666
112.4,6.8766665
121.76667,6.8766665
121.76667,7.0466666
121.76667,2.8825
121.76667,6.6975
129.8,6.65
129.8,2.78
129.8,2.86
129.8,4.13
129.8,2.8825
129.8,6.69
113.5,4.13
113.5,6.69
113.5,5.973636
/
56.4988,3.8857143
152.0,3.8857143
152.0,7.446373
152.0,7.2512
149.7,7.2512
149.7,3.8857143
149.7,7.446373
103.8,7.446373
122.5,7.446373
122.5,7.4955
122.5,7.2512
122.5,4.125
133.0,7.446373
133.0,8.183127
133.0,7.4955
133.0,7.2512
118.3,7.4955
118.3,7.2512
118.3,8.183127
140.6,8.183127
140.6,7.4955
157.4,8.183127
157.4,7.446373
157.4,4.125
42.0,4.125
42.0,6.875
42.0,6.8766665
131.9,4.125
131.9,6.875
131.9,7.0466666
131.9,6.8766665
111.5,4.125
111.5,6.875
111.5,6.8766665
148.6,6.875
148.6,3.865
148.6,7.0466666
56.216667,3.865
151.7,6.875
151.7,3.89
151.7,6.8766665
151.7,7.0466666
55.0,3.89
110.5,7.0466666
110.5,6.8766665
120.1,6.8766665
120.1,7.0466666
120.1,4.125
120.1,6.875
104.9,7.4955
104.9,7.2512
/
147.0,5.973636
147.0,6.65
147.0,6.69
149.0,5.973636
149.0,6.69
149.0,3.8966668
149.0,6.65
56.4,3.8966668
112.7,6.65
112.7,2.8488371
124.7,6.65
124.7,2.75
124.7,2.8488371
124.7,4.417791
124.7,6.69
24.4,6.65
24.4,2.8488371
24.4,2.75
46.633335,2.75
46.633335,2.8488371
46.633335,2.52
46.633335,4.417791
42.266666,2.75
42.266666,2.52
42.266666,4.417791
64.4,2.75
64.4,2.52
64.4,4.417791
64.4,2.8825
64.4,6.69
40.766666,4.417791
40.766666,2.8825
40.766666,6.6975
40.766666,6.8766665
133.6312,4.417791
133.6312,2.8825
133.6312,6.6975
133.6312,6.673333
133.6312,6.8766665
116.2,2.8825
116.2,6.6975
116.2,6.8766665
116.2,7.7966666
146.3,6.6975
146.3,7.7966666
146.3,8.324546
146.3,6.673333
145.1,6.6975
145.1,7.7966666
145.1,8.324546
145.1,6.8766665
145.1,6.673333
116.9,8.324546
116.9,6.673333
116.9,6.8766665
125.0,6.8766665
125.0,6.673333
125.0,2.8825
125.0,6.6975
129.6,6.65
129.6,2.8488371
129.6,4.417791
129.6,2.8825
129.6,6.69
113.4,4.417791
113.4,6.69
113.4,5.973636
/
147.0,5.973636
147.0,6.65
147.0,6.69
149.0,5.973636
149.0,6.69
149.0,3.8966668
149.0,6.65
56.4,3.8966668
112.7,6.65
112.7,2.8488371
124.7,6.65
124.7,2.75
124.7,2.8488371
124.7,4.417791
124.7,6.69
24.4,6.65
24.4,2.8488371
24.4,2.75
46.633335,2.75
46.633335,2.8488371
46.633335,2.52
46.633335,4.417791
42.266666,2.75
42.266666,2.52
42.266666,4.417791
64.4,2.75
64.4,2.52
64.4,4.417791
64.4,2.8825
64.4,6.69
40.766666,4.417791
40.766666,2.8825
40.766666,6.6975
40.766666,6.8766665
133.6312,4.417791
133.6312,2.8825
133.6312,6.6975
133.6312,7.0466666
133.6312,6.8766665
115.84068,2.8825
115.84068,6.6975
115.84068,6.8766665
115.84068,5.973636
146.32,6.6975
146.32,5.973636
146.32,7.0466666
150.8,6.6975
150.8,5.973636
150.8,3.8857143
150.8,6.8766665
150.8,7.0466666
60.2,3.8857143
112.4,7.0466666
112.4,6.8766665
121.76667,6.8766665
121.76667,7.0466666
121.76667,2.8825
121.76667,6.6975
129.6,6.65
129.6,2.8488371
129.6,4.417791
129.6,2.8825
129.6,6.69
113.4,4.417791
113.4,6.69
113.4,5.973636
/
145.83191,5.973636
145.83191,6.7088428
145.83191,6.945984
149.0,5.973636
149.0,6.945984
149.0,3.8966668
149.0,6.7088428
56.4,3.8966668
110.48987,6.7088428
110.48987,3.28
135.46352,6.7088428
135.46352,4.1175
135.46352,3.28
135.46352,6.945984
25.6,6.7088428
25.6,3.28
25.6,4.1175
52.007,4.1175
52.007,3.28
52.007,3.69
42.188,4.1175
42.188,3.69
160.06865,4.1175
160.06865,3.69
160.06865,4.61
160.06865,6.945984
30.525375,4.61
30.525375,6.6975
30.525375,6.8766665
135.03093,4.61
135.03093,6.6975
135.03093,7.0466666
135.03093,6.8766665
115.84068,4.61
115.84068,6.6975
115.84068,6.8766665
115.84068,5.973636
146.32,6.6975
146.32,5.973636
146.32,7.0466666
150.8,6.6975
150.8,5.973636
150.8,3.8857143
150.8,6.8766665
150.8,7.0466666
60.2,3.8857143
112.4,7.0466666
112.4,6.8766665
126.970314,6.8766665
126.970314,7.0466666
126.970314,4.61
126.970314,6.6975
130.58952,6.7088428
130.58952,3.28
130.58952,4.61
130.58952,6.945984
111.49505,6.945984
111.49505,5.973636
/
147.0,5.973636
147.0,6.65
147.0,6.69
149.0,5.973636
149.0,6.69
149.0,3.8966668
149.0,6.65
56.4,3.8966668
112.7,6.65
112.7,2.8488371
124.7,6.65
124.7,2.784
124.7,2.8488371
124.7,4.417791
124.7,6.69
24.4,6.65
24.4,2.8488371
24.4,2.784
46.633335,2.784
46.633335,2.8488371
46.633335,2.5420513
46.633335,4.417791
42.266666,2.784
42.266666,2.5420513
42.266666,4.417791
64.4,2.784
64.4,2.5420513
64.4,4.417791
64.4,3.0126073
64.4,6.69
40.766666,4.417791
40.766666,3.0126073
40.766666,6.6975
40.766666,6.8766665
133.6312,4.417791
133.6312,3.0126073
133.6312,6.6975
133.6312,7.0466666
133.6312,6.8766665
115.84068,3.0126073
115.84068,6.6975
115.84068,6.8766665
115.84068,5.973636
146.32,6.6975
146.32,5.973636
146.32,7.0466666
150.8,6.6975
150.8,5.973636
150.8,3.8857143
150.8,6.8766665
150.8,7.0466666
60.2,3.8857143
112.4,7.0466666
112.4,6.8766665
121.76667,6.8766665
121.76667,7.0466666
121.76667,3.0126073
121.76667,6.6975
129.6,6.65
129.6,2.8488371
129.6,4.417791
129.6,3.0126073
129.6,6.69
113.4,4.417791
113.4,6.69
113.4,5.973636
/
43.710526,2.556
43.710526,2.975
43.710526,2.784
62.16316,2.556
62.16316,2.975
62.16316,2.784
62.16316,2.9440742
126.27917,2.9440742
126.27917,2.975
126.27917,7.6692615
126.27917,7.303127
126.27917,2.8488371
138.13324,2.975
138.13324,7.98
138.13324,7.255
138.13324,7.6692615
132.9,7.6692615
132.9,2.9440742
132.9,7.303127
132.9,7.244
132.9,7.98
135.9,7.98
135.9,2.975
135.9,2.9440742
135.9,7.244
135.9,7.303127
34.8,2.9440742
34.8,7.303127
34.8,2.975
127.7,2.9440742
127.7,7.303127
127.7,7.244
126.7,7.244
126.7,7.303127
126.7,7.98
127.35,7.303127
127.35,7.244
127.35,7.98
123.95,7.244
123.95,7.98
121.44234,7.6692615
121.44234,7.303127
121.44234,7.255
126.39,7.255
126.39,7.6692615
126.39,7.303127
126.32823,7.6692615
126.32823,7.303127
126.32823,7.255
126.32823,2.8488371
135.46352,7.255
135.46352,7.303127
135.46352,2.975
135.46352,2.784
135.46352,2.8488371
28.235437,7.303127
28.235437,2.8488371
28.235437,2.784
49.969696,2.784
49.969696,2.8488371
49.969696,2.556
49.969696,2.975
/
43.710526,2.556
43.710526,2.975
43.710526,2.784
62.16316,2.556
62.16316,2.975
62.16316,2.784
62.16316,2.9440742
126.27917,2.9440742
126.27917,2.975
126.27917,7.6692615
126.27917,7.303127
126.27917,2.8488371
138.13324,2.975
138.13324,7.98
138.13324,7.255
138.13324,7.6692615
132.9,7.6692615
132.9,2.9440742
132.9,7.303127
132.9,7.244
132.9,7.98
135.9,7.98
135.9,2.975
135.9,2.9440742
135.9,7.244
135.9,7.303127
34.8,2.9440742
34.8,7.303127
34.8,2.975
127.7,2.9440742
127.7,7.303127
127.7,7.244
126.7,7.244
126.7,7.303127
126.7,7.98
127.35,7.303127
127.35,7.244
127.35,7.98
123.95,7.244
123.95,7.98
121.44234,7.6692615
121.44234,7.303127
121.44234,7.255
126.39,7.255
126.39,7.6692615
126.39,7.303127
126.32823,7.6692615
126.32823,7.303127
126.32823,7.255
126.32823,2.8488371
135.46352,7.255
135.46352,7.303127
135.46352,2.975
135.46352,2.784
135.46352,2.8488371
28.235437,7.303127
28.235437,2.8488371
28.235437,2.784
49.969696,2.784
49.969696,2.8488371
49.969696,2.556
49.969696,2.975
/
20.911133,2.79
20.911133,8.4
20.911133,6.89
135.73312,2.79
135.73312,8.4
135.73312,7.126829
135.73312,6.89
128.73518,2.79
128.73518,8.4
128.73518,6.89
138.13324,8.4
138.13324,7.126829
138.13324,2.9440742
138.13324,7.6692615
135.9,8.4
135.9,6.89
135.9,7.126829
135.9,2.975
135.9,2.9440742
128.97238,7.126829
128.97238,2.9440742
128.97238,6.89
131.63857,6.89
131.63857,7.126829
131.63857,2.79
131.63857,8.4
34.8,7.126829
34.8,2.9440742
34.8,2.975
62.16316,2.975
62.16316,2.9440742
62.16316,2.784
62.16316,2.556
126.27917,2.9440742
126.27917,2.975
126.27917,7.6692615
126.27917,7.303127
126.27917,2.8488371
138.13324,2.975
138.13324,7.255
121.44234,7.6692615
121.44234,7.303127
121.44234,7.255
126.39,7.255
126.39,7.6692615
126.39,7.303127
126.32823,7.6692615
126.32823,7.303127
126.32823,7.255
126.32823,2.8488371
135.46352,7.255
135.46352,7.303127
135.46352,2.975
135.46352,2.784
135.46352,2.8488371
28.235437,7.303127
28.235437,2.8488371
28.235437,2.784
49.969696,2.784
49.969696,2.8488371
49.969696,2.975
49.969696,2.556
43.710526,2.784
43.710526,2.975
43.710526,2.556
/
26.6,1.31
26.6,4.1622224
42.6,1.31
42.6,4.1622224
42.6,7.1133127
69.8,1.31
69.8,4.1622224
69.8,3.3516438
69.8,2.19
126.27917,4.1622224
126.27917,7.6692615
126.27917,7.303127
126.27917,2.8488371
138.13324,4.1622224
138.13324,7.6692615
138.13324,7.255
138.13324,7.244
138.13324,7.1133127
121.44234,7.6692615
121.44234,7.244
129.15854,7.244
129.15854,7.6692615
129.15854,7.1133127
127.92424,7.6692615
127.92424,7.244
127.92424,7.1133127
123.69621,7.244
123.69621,7.1133127
145.95006,7.244
145.95006,7.1133127
145.95006,7.6692615
145.95006,1.31
145.95006,4.1622224
121.44234,7.303127
121.44234,7.255
126.39,7.255
126.39,7.6692615
126.39,7.303127
126.32823,7.6692615
126.32823,7.303127
126.32823,7.255
126.32823,2.8488371
135.46352,7.255
135.46352,7.303127
135.46352,4.1622224
135.46352,3.3516438
135.46352,2.8488371
28.235437,7.303127
28.235437,2.8488371
28.235437,3.3516438
49.465996,3.3516438
49.465996,2.8488371
49.465996,4.1622224
49.465996,2.19
42.1752,3.3516438
42.1752,4.1622224
42.1752,2.19
/
12.0,0.9349367
12.0,3.3516438
12.0,1.6378933
17.1,1.6378933
17.1,0.9349367
17.1,3.3516438
55.6,0.9349367
55.6,3.3516438
55.6,1.6378933
55.6,3.0433333
55.6,4.417791
52.129333,3.3516438
52.129333,3.0433333
52.129333,4.417791
52.129333,2.8488371
28.235437,2.8488371
28.235437,3.0433333
28.235437,7.303127
135.46352,3.0433333
135.46352,2.8488371
135.46352,7.255
135.46352,7.303127
135.46352,4.417791
126.32823,2.8488371
126.32823,7.303127
126.32823,7.6692615
126.32823,7.255
126.39,7.255
126.39,7.303127
126.39,7.6692615
121.44234,7.303127
121.44234,7.6692615
121.44234,7.255
138.13324,7.255
138.13324,7.6692615
138.13324,4.417791
138.13324,7.98
126.27917,7.6692615
126.27917,2.8488371
126.27917,7.303127
126.27917,2.9440742
126.27917,4.417791
60.847588,4.417791
60.847588,3.3516438
60.847588,3.0433333
60.847588,2.9440742
36.039536,2.9440742
36.039536,4.417791
36.039536,7.303127
135.9,4.417791
135.9,2.9440742
135.9,7.244
135.9,7.303127
135.9,7.98
127.7,2.9440742
127.7,7.303127
127.7,7.244
126.7,7.244
126.7,7.303127
126.7,7.98
127.35,7.303127
127.35,7.244
127.35,7.98
123.95,7.244
123.95,7.98
132.9,7.244
132.9,7.98
132.9,2.9440742
132.9,7.303127
132.9,7.6692615
/
43.710526,2.556
43.710526,2.784
43.710526,2.975
49.969696,2.556
49.969696,2.784
49.969696,2.975
49.969696,2.8488371
28.235437,2.8488371
28.235437,2.784
28.235437,7.303127
135.46352,2.784
135.46352,2.8488371
135.46352,7.255
135.46352,7.303127
135.46352,2.975
126.32823,2.8488371
126.32823,7.303127
126.32823,7.6692615
126.32823,7.255
126.39,7.255
126.39,7.303127
126.39,7.6692615
121.44234,7.303127
121.44234,7.6692615
121.44234,7.255
138.13324,7.255
138.13324,7.6692615
138.13324,2.975
138.13324,7.98
126.27917,7.6692615
126.27917,2.8488371
126.27917,7.303127
126.27917,2.9440742
126.27917,2.975
62.16316,2.975
62.16316,2.556
62.16316,2.784
62.16316,2.9440742
34.8,2.9440742
34.8,2.975
34.8,7.303127
135.9,2.975
135.9,2.9440742
135.9,7.244
135.9,7.303127
135.9,7.98
127.7,2.9440742
127.7,7.303127
127.7,7.244
126.7,7.244
126.7,7.303127
126.7,7.98
127.35,7.303127
127.35,7.244
127.35,7.98
123.95,7.244
123.95,7.98
132.9,7.244
132.9,7.98
132.9,2.9440742
132.9,7.303127
132.9,7.6692615
/
12.0,0.9349367
12.0,3.3516438
12.0,1.6378933
17.1,1.6378933
17.1,0.9349367
17.1,3.3516438
55.6,0.9349367
55.6,3.3516438
55.6,1.6378933
55.6,3.0433333
55.6,4.417791
52.129333,3.3516438
52.129333,3.0433333
52.129333,4.417791
52.129333,2.8488371
28.235437,2.8488371
28.235437,3.0433333
28.235437,7.303127
135.46352,3.0433333
135.46352,2.8488371
135.46352,7.255
135.46352,7.303127
135.46352,4.417791
126.32823,2.8488371
126.32823,7.303127
126.32823,7.6692615
126.32823,7.255
126.39,7.255
126.39,7.303127
126.39,7.6692615
121.44234,7.303127
121.44234,7.6692615
121.44234,7.255
138.13324,7.255
138.13324,7.6692615
138.13324,4.417791
138.13324,7.98
126.27917,7.6692615
126.27917,2.8488371
126.27917,7.303127
126.27917,2.9440742
126.27917,4.417791
60.847588,4.417791
60.847588,3.3516438
60.847588,3.0433333
60.847588,2.9440742
36.039536,2.9440742
36.039536,4.417791
36.039536,7.303127
135.9,4.417791
135.9,2.9440742
135.9,7.244
135.9,7.303127
135.9,7.98
127.7,2.9440742
127.7,7.303127
127.7,7.244
126.7,7.244
126.7,7.303127
126.7,7.98
127.35,7.303127
127.35,7.244
127.35,7.98
123.95,7.244
123.95,7.98
132.9,7.244
132.9,7.98
132.9,2.9440742
132.9,7.303127
132.9,7.6692615
/
15.363404,1.1906667
15.363404,2.658
26.684313,2.658
26.684313,1.1906667
26.684313,7.303127
135.46352,1.1906667
135.46352,2.658
135.46352,7.42
135.46352,7.303127
126.32823,2.658
126.32823,7.303127
126.32823,7.42
125.1,7.42
125.1,7.303127
126.32823,2.9440742
135.46352,2.975
135.46352,2.9440742
144.47728,7.303127
144.47728,2.9440742
144.47728,2.658
144.47728,7.6692615
138.13324,2.975
138.13324,7.255
138.13324,7.6692615
126.27917,7.6692615
126.27917,2.9440742
126.27917,2.975
126.27917,2.8488371
126.27917,7.303127
62.16316,2.975
62.16316,2.556
62.16316,2.784
62.16316,2.9440742
43.710526,2.975
43.710526,2.556
43.710526,2.784
49.969696,2.975
49.969696,2.556
49.969696,2.784
49.969696,2.8488371
28.235437,2.8488371
28.235437,2.784
28.235437,7.303127
135.46352,2.784
135.46352,2.8488371
135.46352,7.255
126.32823,2.8488371
126.32823,7.6692615
126.32823,7.255
126.39,7.255
126.39,7.303127
126.39,7.6692615
121.44234,7.303127
121.44234,7.6692615
121.44234,7.255
36.039536,2.9440742
36.039536,2.975
36.039536,7.303127
/
43.710526,2.556
43.710526,2.784
43.710526,2.975
49.969696,2.556
49.969696,2.784
49.969696,2.975
49.969696,2.8488371
28.235437,2.8488371
28.235437,2.784
28.235437,7.303127
135.46352,2.784
135.46352,2.8488371
135.46352,7.255
135.46352,7.303127
135.46352,2.975
126.32823,2.8488371
126.32823,7.303127
126.32823,7.6692615
126.32823,7.255
126.39,7.255
126.39,7.303127
126.39,7.6692615
121.44234,7.303127
121.44234,7.6692615
121.44234,7.255
138.13324,7.255
138.13324,7.6692615
138.13324,2.975
126.27917,7.6692615
126.27917,2.8488371
126.27917,7.303127
126.27917,2.9440742
126.27917,2.975
62.16316,2.975
62.16316,2.556
62.16316,2.784
62.16316,2.9440742
36.039536,2.9440742
36.039536,2.975
36.039536,7.303127
135.46352,2.9440742
126.32823,2.9440742
138.13324,7.31475
139.6934,7.6692615
139.6934,7.244
139.6934,7.31475
128.60791,7.31475
128.60791,7.195
128.60791,7.244
130.0,7.244
130.0,7.31475
130.0,7.195
127.7,7.31475
127.7,7.195
127.7,7.244
138.7642,7.6692615
138.7642,2.9440742
138.7642,7.303127
/
22.7,2.65
22.7,7.184212
132.85,2.65
132.85,7.005
132.85,7.184212
133.875,2.65
133.875,7.184212
133.875,7.303127
133.875,7.005
127.1,7.005
127.1,7.184212
127.1,7.303127
126.32823,7.184212
126.32823,7.303127
126.32823,7.005
126.32823,2.9440742
135.46352,7.005
135.46352,7.303127
135.46352,2.975
135.46352,2.9440742
132.66,7.303127
132.66,2.9440742
132.66,2.65
132.66,7.184212
132.66,7.6692615
138.13324,2.975
138.13324,7.255
138.13324,7.6692615
126.27917,7.6692615
126.27917,2.9440742
126.27917,2.975
126.27917,2.8488371
126.27917,7.303127
62.16316,2.975
62.16316,2.556
62.16316,2.784
62.16316,2.9440742
43.710526,2.975
43.710526,2.556
43.710526,2.784
49.969696,2.975
49.969696,2.556
49.969696,2.784
49.969696,2.8488371
28.235437,2.8488371
28.235437,2.784
28.235437,7.303127
135.46352,2.784
135.46352,2.8488371
135.46352,7.255
126.32823,2.8488371
126.32823,7.6692615
126.32823,7.255
126.39,7.255
126.39,7.303127
126.39,7.6692615
121.44234,7.303127
121.44234,7.6692615
121.44234,7.255
36.039536,2.9440742
36.039536,2.975
36.039536,7.303127
/
43.710526,2.556
43.710526,2.784
43.710526,2.975
49.969696,2.556
49.969696,2.784
49.969696,2.975
49.969696,2.8488371
28.235437,2.8488371
28.235437,2.784
28.235437,7.303127
135.46352,2.784
135.46352,2.8488371
135.46352,7.255
135.46352,7.303127
135.46352,2.975
126.32823,2.8488371
126.32823,7.303127
126.32823,7.6692615
126.32823,7.255
126.39,7.255
126.39,7.303127
126.39,7.6692615
121.44234,7.303127
121.44234,7.6692615
121.44234,7.255
138.13324,7.255
138.13324,7.6692615
138.13324,2.975
126.27917,7.6692615
126.27917,2.8488371
126.27917,7.303127
126.27917,2.9440742
126.27917,2.975
62.16316,2.975
62.16316,2.556
62.16316,2.784
62.16316,2.9440742
36.039536,2.9440742
36.039536,2.975
36.039536,7.303127
135.46352,2.9440742
135.46352,7.4256296
126.32823,2.9440742
126.32823,7.373778
126.32823,7.4256296
126.86953,7.4256296
126.86953,7.303127
126.86953,7.373778
126.224205,7.303127
126.224205,7.373778
126.224205,7.4256296
126.224205,6.944
135.4772,7.4256296
135.4772,7.373778
135.4772,5.4465
135.4772,6.944
134.2,7.373778
134.2,6.944
134.2,5.4465
116.094284,5.4465
116.094284,6.944
132.0,7.373778
132.0,6.944
132.0,2.9440742
132.0,7.303127
132.0,7.6692615
/
38.05,2.6
38.05,1.55
38.05,1.579528
38.05,3.0126073
38.05,3.5958824
38.05,2.1
29.44,1.579528
29.44,3.5958824
29.44,2.1
29.44,2.6
29.44,2.6591334
29.44,1.55
24.451876,2.6
24.451876,1.55
24.451876,1.579528
24.451876,2.6591334
52.43722,1.579528
52.43722,2.6591334
52.43722,1.55
52.43722,3.6430953
52.43722,3.5958824
58.636925,2.6591334
58.636925,3.6430953
58.636925,3.5958824
58.636925,7.295
137.26308,3.6430953
137.26308,7.244
137.26308,7.295
128.80667,3.6430953
128.80667,7.295
128.80667,7.195
128.80667,7.244
128.44333,7.244
128.44333,7.295
128.44333,7.195
129.43666,7.295
129.43666,7.195
129.43666,7.244
62.175713,2.6591334
62.175713,3.6430953
62.175713,3.5958824
62.175713,1.579528
62.175713,2.1
62.175713,2.6
62.175713,3.0126073
21.666666,2.6
21.666666,3.0126073
21.666666,3.5958824
21.666666,7.303127
135.46352,3.5958824
135.46352,3.0126073
135.46352,7.244
135.46352,7.303127
135.46352,2.1
126.32823,3.0126073
126.32823,7.303127
126.32823,7.244
128.51555,7.244
128.51555,7.303127
125.75,7.303127
125.75,7.244
128.95,7.244
128.95,7.303127
128.95,2.1
135.8,7.244
135.8,7.303127
135.8,3.0126073
135.8,2.6
135.8,2.1
31.146097,7.303127
31.146097,2.1
31.146097,1.579528
31.146097,3.5958824
31.146097,2.6
/
43.710526,2.556
43.710526,2.784
43.710526,2.975
49.969696,2.556
49.969696,2.784
49.969696,2.975
49.969696,2.8488371
28.235437,2.8488371
28.235437,2.784
28.235437,7.303127
135.46352,2.784
135.46352,2.8488371
135.46352,7.255
135.46352,7.303127
135.46352,2.975
126.32823,2.8488371
126.32823,7.303127
126.32823,7.6692615
126.32823,7.255
126.39,7.255
126.39,7.303127
126.39,7.6692615
121.44234,7.303127
121.44234,7.6692615
121.44234,7.255
138.13324,7.255
138.13324,7.6692615
138.13324,2.975
138.13324,7.98
126.27917,7.6692615
126.27917,2.8488371
126.27917,7.303127
126.27917,2.9440742
126.27917,2.975
62.16316,2.975
62.16316,2.556
62.16316,2.784
62.16316,2.9440742
34.8,2.9440742
34.8,2.975
34.8,7.303127
135.9,2.975
135.9,2.9440742
135.9,7.244
135.9,7.303127
135.9,7.98
127.7,2.9440742
127.7,7.303127
127.7,7.244
126.7,7.244
126.7,7.303127
126.7,7.98
127.35,7.303127
127.35,7.244
127.35,7.98
123.95,7.244
123.95,7.98
132.9,7.244
132.9,7.98
132.9,2.9440742
132.9,7.303127
132.9,7.6692615
/
20.911133,2.79
20.911133,8.4
20.911133,6.89
135.73312,2.79
135.73312,8.4
135.73312,7.126829
135.73312,6.89
128.73518,2.79
128.73518,8.4
128.73518,6.89
138.13324,8.4
138.13324,7.126829
138.13324,2.9440742
138.13324,7.6692615
135.9,8.4
135.9,6.89
135.9,7.126829
135.9,2.975
135.9,2.9440742
128.97238,7.126829
128.97238,2.9440742
128.97238,6.89
131.63857,6.89
131.63857,7.126829
131.63857,2.79
131.63857,8.4
34.8,7.126829
34.8,2.9440742
34.8,2.975
62.16316,2.975
62.16316,2.9440742
62.16316,2.784
62.16316,2.556
126.27917,2.9440742
126.27917,2.975
126.27917,7.6692615
126.27917,7.303127
126.27917,2.8488371
138.13324,2.975
138.13324,7.255
121.44234,7.6692615
121.44234,7.303127
121.44234,7.255
126.39,7.255
126.39,7.6692615
126.39,7.303127
126.32823,7.6692615
126.32823,7.303127
126.32823,7.255
126.32823,2.8488371
135.46352,7.255
135.46352,7.303127
135.46352,2.975
135.46352,2.784
135.46352,2.8488371
28.235437,7.303127
28.235437,2.8488371
28.235437,2.784
49.969696,2.784
49.969696,2.8488371
49.969696,2.975
49.969696,2.556
43.710526,2.784
43.710526,2.975
43.710526,2.556
/
20.911133,2.79
20.911133,8.4
20.911133,6.89
135.73312,2.79
135.73312,8.4
135.73312,7.126829
135.73312,6.89
128.73518,2.79
128.73518,8.4
128.73518,6.89
138.13324,8.4
138.13324,7.126829
138.13324,2.9440742
138.13324,7.6692615
135.9,8.4
135.9,6.89
135.9,7.126829
135.9,2.975
135.9,2.9440742
128.97238,7.126829
128.97238,2.9440742
128.97238,6.89
131.63857,6.89
131.63857,7.126829
131.63857,2.79
131.63857,8.4
34.8,7.126829
34.8,2.9440742
34.8,2.975
62.16316,2.975
62.16316,2.9440742
62.16316,2.784
62.16316,2.556
126.27917,2.9440742
126.27917,2.975
126.27917,7.6692615
126.27917,7.303127
126.27917,2.8488371
138.13324,2.975
138.13324,7.255
121.44234,7.6692615
121.44234,7.303127
121.44234,7.255
126.39,7.255
126.39,7.6692615
126.39,7.303127
126.32823,7.6692615
126.32823,7.303127
126.32823,7.255
126.32823,2.8488371
135.46352,7.255
135.46352,7.303127
135.46352,2.975
135.46352,2.784
135.46352,2.8488371
28.235437,7.303127
28.235437,2.8488371
28.235437,2.784
49.969696,2.784
49.969696,2.8488371
49.969696,2.975
49.969696,2.556
43.710526,2.784
43.710526,2.975
43.710526,2.556
/
43.710526,2.556
43.710526,2.784
43.710526,2.975
49.969696,2.556
49.969696,2.784
49.969696,2.975
49.969696,2.8488371
28.235437,2.8488371
28.235437,2.784
28.235437,7.303127
135.46352,2.784
135.46352,2.8488371
135.46352,7.255
135.46352,7.303127
135.46352,2.975
126.32823,2.8488371
126.32823,7.303127
126.32823,7.6692615
126.32823,7.255
126.39,7.255
126.39,7.303127
126.39,7.6692615
121.44234,7.303127
121.44234,7.6692615
121.44234,7.255
138.13324,7.255
138.13324,7.6692615
138.13324,2.975
138.13324,7.98
126.27917,7.6692615
126.27917,2.8488371
126.27917,7.303127
126.27917,2.9440742
126.27917,2.975
62.16316,2.975
62.16316,2.556
62.16316,2.784
62.16316,2.9440742
34.8,2.9440742
34.8,2.975
34.8,7.303127
135.9,2.975
135.9,2.9440742
135.9,7.244
135.9,7.303127
135.9,7.98
127.7,2.9440742
127.7,7.303127
127.7,7.244
126.7,7.244
126.7,7.303127
126.7,7.98
127.35,7.303127
127.35,7.244
127.35,7.98
123.95,7.244
123.95,7.98
132.9,7.244
132.9,7.98
132.9,2.9440742
132.9,7.303127
132.9,7.6692615
/
42.3,2.348872
42.3,4.250605
42.3,4.8326874
52.852425,2.348872
52.852425,4.250605
52.852425,4.8326874
52.852425,7.298
131.39091,4.250605
131.39091,7.244
131.39091,7.298
131.39091,7.411111
131.39091,3.3726666
126.119064,4.250605
126.119064,7.298
126.119064,7.244
126.95588,7.244
126.95588,7.298
126.95588,7.411111
127.28746,7.298
127.28746,7.244
127.28746,7.411111
124.756035,7.244
124.756035,7.411111
124.756035,3.3726666
140.63847,7.244
140.63847,7.411111
140.63847,4.250605
140.63847,7.298
140.63847,4.8326874
140.63847,1.579528
140.63847,3.3726666
36.793335,7.411111
36.793335,3.3726666
36.793335,4.8326874
36.793335,2.8407142
36.793335,1.579528
62.9,4.8326874
62.9,1.579528
62.9,3.3726666
62.9,2.348872
62.9,4.250605
62.9,7.2166667
130.83223,3.3726666
130.83223,4.8326874
130.83223,7.244
130.83223,7.2166667
130.83223,7.1813045
130.83223,2.8407142
122.91111,4.8326874
122.91111,7.2166667
122.91111,7.244
126.21429,7.244
126.21429,7.2166667
126.21429,7.1813045
126.56,7.2166667
126.56,7.244
126.56,7.1813045
128.96,7.244
128.96,7.1813045
128.96,2.8407142
133.56667,7.244
133.56667,7.1813045
133.56667,4.8326874
133.56667,7.2166667
133.56667,1.579528
133.56667,2.8407142
28.15,7.1813045
28.15,2.8407142
28.15,3.3726666
28.15,1.579528
26.941967,1.579528
26.941967,2.8407142
26.941967,4.8326874
26.941967,3.3726666
/
116.71714,5.11
116.71714,3.23
116.71714,5.68
136.08858,5.68
136.08858,5.11
136.08858,3.23
57.122856,5.11
57.122856,3.23
57.122856,5.68
57.122856,3.0433333
57.122856,4.417791
52.129333,3.23
52.129333,3.0433333
52.129333,4.417791
52.129333,2.8488371
28.235437,2.8488371
28.235437,3.0433333
28.235437,7.303127
135.46352,3.0433333
135.46352,2.8488371
135.46352,7.255
135.46352,7.303127
135.46352,4.417791
126.32823,2.8488371
126.32823,7.303127
126.32823,7.6692615
126.32823,7.255
126.39,7.255
126.39,7.303127
126.39,7.6692615
121.44234,7.303127
121.44234,7.6692615
121.44234,7.255
138.13324,7.255
138.13324,7.6692615
138.13324,4.417791
138.13324,7.98
126.27917,7.6692615
126.27917,2.8488371
126.27917,7.303127
126.27917,2.9440742
126.27917,4.417791
60.847588,4.417791
60.847588,3.23
60.847588,3.0433333
60.847588,2.9440742
36.039536,2.9440742
36.039536,4.417791
36.039536,7.303127
135.9,4.417791
135.9,2.9440742
135.9,7.244
135.9,7.303127
135.9,7.98
127.7,2.9440742
127.7,7.303127
127.7,7.244
126.7,7.244
126.7,7.303127
126.7,7.98
127.35,7.303127
127.35,7.244
127.35,7.98
123.95,7.244
123.95,7.98
132.9,7.244
132.9,7.98
132.9,2.9440742
132.9,7.303127
132.9,7.6692615
/
43.710526,2.556
43.710526,2.784
43.710526,2.975
49.969696,2.556
49.969696,2.784
49.969696,2.975
49.969696,2.8488371
28.235437,2.8488371
28.235437,2.784
28.235437,7.303127
135.46352,2.784
135.46352,2.8488371
135.46352,7.255
135.46352,7.303127
135.46352,2.975
126.32823,2.8488371
126.32823,7.303127
126.32823,7.6692615
126.32823,7.255
126.39,7.255
126.39,7.303127
126.39,7.6692615
121.44234,7.303127
121.44234,7.6692615
121.44234,7.255
138.13324,7.255
138.13324,7.6692615
138.13324,2.975
138.13324,7.98
126.27917,7.6692615
126.27917,2.8488371
126.27917,7.303127
126.27917,2.9440742
126.27917,2.975
62.16316,2.975
62.16316,2.556
62.16316,2.784
62.16316,2.9440742
34.8,2.9440742
34.8,2.975
34.8,7.303127
135.9,2.975
135.9,2.9440742
135.9,7.244
135.9,7.303127
135.9,7.98
127.7,2.9440742
127.7,7.303127
127.7,7.244
126.7,7.244
126.7,7.303127
126.7,7.98
127.35,7.303127
127.35,7.244
127.35,7.98
123.95,7.244
123.95,7.98
132.9,7.244
132.9,7.98
132.9,2.9440742
132.9,7.303127
132.9,7.6692615
/
10.84,1.04
10.84,3.5213523
10.84,1.825
15.98,1.825
15.98,1.04
15.98,3.5213523
61.61905,1.04
61.61905,3.5213523
61.61905,1.825
61.61905,4.865682
61.61905,3.3428316
63.76552,3.5213523
63.76552,4.865682
63.76552,3.3428316
63.76552,3.0061429
24.53,3.0061429
24.53,3.5213523
24.53,7.303127
135.46352,3.5213523
135.46352,3.0061429
135.46352,7.255
135.46352,7.303127
135.46352,4.865682
126.32823,3.0061429
126.32823,7.303127
126.32823,7.6692615
126.32823,7.255
126.39,7.255
126.39,7.303127
126.39,7.6692615
121.44234,7.303127
121.44234,7.6692615
121.44234,7.255
138.13324,7.255
138.13324,7.6692615
138.13324,4.865682
138.13324,7.98
130.58952,7.6692615
130.58952,3.0061429
130.58952,7.303127
130.58952,3.4434
130.58952,4.865682
71.171036,4.865682
71.171036,3.5213523
71.171036,3.3428316
71.171036,3.4434
33.05,3.4434
33.05,4.865682
33.05,7.303127
135.46352,3.4434
135.46352,7.244
135.46352,7.98
126.32823,3.4434
126.32823,7.244
128.51555,7.244
128.51555,7.303127
128.51555,7.98
127.35,7.303127
127.35,7.244
127.35,7.98
123.95,7.244
123.95,7.98
132.9,7.244
132.9,7.98
132.9,3.4434
132.9,7.303127
132.9,7.6692615
42.25,3.5213523
42.25,4.865682
42.25,3.3428316
/
20.344444,2.65
20.344444,7.0671864
134.11818,2.65
134.11818,2.438857
134.11818,7.0671864
132.66667,2.65
132.66667,7.0671864
132.66667,2.438857
132.66667,2.6612778
15.666667,2.438857
137.84483,2.438857
137.84483,2.6612778
16.787737,2.6612778
132.66,2.6612778
132.66,3.4434
132.66,7.0671864
135.46352,4.865682
135.46352,3.4434
135.46352,7.0671864
33.05,3.4434
33.05,7.0671864
33.05,4.865682
71.171036,4.865682
71.171036,3.4434
71.171036,3.5213523
71.171036,3.435
130.58952,3.4434
130.58952,4.865682
130.58952,3.0061429
132.66,4.865682
135.22162,2.6612778
135.22162,2.438857
16.600624,2.438857
135.22162,3.0061429
137.93988,2.438857
137.93988,4.865682
137.93988,3.5213523
137.93988,3.0061429
24.53,3.0061429
24.53,3.5213523
63.76552,3.5213523
63.76552,3.0061429
63.76552,4.865682
63.76552,3.435
48.45,3.5213523
48.45,4.865682
48.45,3.435
125.975,3.4434
125.975,7.0671864
125.975,2.65
/
43.710526,2.556
43.710526,2.784
43.710526,2.975
49.969696,2.556
49.969696,2.784
49.969696,2.975
49.969696,2.8488371
28.235437,2.8488371
28.235437,2.784
28.235437,7.303127
135.46352,2.784
135.46352,2.8488371
135.46352,7.255
135.46352,7.303127
135.46352,2.975
126.32823,2.8488371
126.32823,7.303127
126.32823,7.6692615
126.32823,7.255
126.39,7.255
126.39,7.303127
126.39,7.6692615
121.44234,7.303127
121.44234,7.6692615
121.44234,7.255
138.13324,7.255
138.13324,7.6692615
138.13324,2.975
138.13324,7.98
126.27917,7.6692615
126.27917,2.8488371
126.27917,7.303127
126.27917,2.9440742
126.27917,2.975
62.16316,2.975
62.16316,2.556
62.16316,2.784
62.16316,2.9440742
34.8,2.9440742
34.8,2.975
34.8,7.303127
135.9,2.975
135.9,2.9440742
135.9,7.244
135.9,7.303127
135.9,7.98
127.7,2.9440742
127.7,7.303127
127.7,7.244
126.7,7.244
126.7,7.303127
126.7,7.98
127.35,7.303127
127.35,7.244
127.35,7.98
123.95,7.244
123.95,7.98
132.9,7.244
132.9,7.98
132.9,2.9440742
132.9,7.303127
132.9,7.6692615
/
43.710526,2.556
43.710526,2.784
43.710526,2.975
49.969696,2.556
49.969696,2.784
49.969696,2.975
49.969696,2.8488371
28.235437,2.8488371
28.235437,2.784
28.235437,7.303127
135.46352,2.784
135.46352,2.8488371
135.46352,7.255
135.46352,7.303127
135.46352,2.975
126.32823,2.8488371
126.32823,7.303127
126.32823,7.6692615
126.32823,7.255
126.39,7.255
126.39,7.303127
126.39,7.6692615
121.44234,7.303127
121.44234,7.6692615
121.44234,7.255
138.13324,7.255
138.13324,7.6692615
138.13324,2.975
138.13324,7.98
126.27917,7.6692615
126.27917,2.8488371
126.27917,7.303127
126.27917,2.9440742
126.27917,2.975
62.16316,2.975
62.16316,2.556
62.16316,2.784
62.16316,2.9440742
34.8,2.9440742
34.8,2.975
34.8,7.303127
135.9,2.975
135.9,2.9440742
135.9,7.244
135.9,7.303127
135.9,7.98
127.7,2.9440742
127.7,7.303127
127.7,7.244
126.7,7.244
126.7,7.303127
126.7,7.98
127.35,7.303127
127.35,7.244
127.35,7.98
123.95,7.244
123.95,7.98
132.9,7.244
132.9,7.98
132.9,2.9440742
132.9,7.303127
132.9,7.6692615
/
14.286667,0.9
14.286667,2.56
14.286667,1.59
23.483334,1.59
23.483334,0.9
23.483334,2.56
35.156666,0.9
35.156666,2.56
35.156666,1.59
35.156666,7.126829
135.46352,1.59
135.46352,2.56
135.46352,7.126829
144.47728,2.56
144.47728,7.126829
144.47728,7.6692615
144.47728,2.975
138.13324,7.244
138.13324,7.6692615
138.13324,7.303127
138.13324,2.9440742
121.44234,7.6692615
121.44234,7.244
129.15854,7.244
129.15854,7.6692615
129.15854,7.303127
126.7,7.6692615
126.7,7.244
126.7,7.303127
127.7,7.244
127.7,7.303127
127.7,2.9440742
135.9,7.244
135.9,7.303127
135.9,7.6692615
135.9,2.975
135.9,2.9440742
34.8,7.303127
34.8,2.9440742
34.8,2.975
62.16316,2.975
62.16316,2.9440742
62.16316,2.784
62.16316,2.556
126.27917,2.9440742
126.27917,2.975
126.27917,7.126829
126.27917,2.8488371
135.46352,2.975
135.46352,2.784
135.46352,2.8488371
128.97238,7.126829
128.97238,2.8488371
128.97238,2.56
28.235437,7.126829
28.235437,2.8488371
28.235437,2.784
49.969696,2.784
49.969696,2.8488371
49.969696,2.975
49.969696,2.556
43.710526,2.784
43.710526,2.975
43.710526,2.556
/
12.0,0.9349367
12.0,3.3516438
12.0,1.6378933
17.1,1.6378933
17.1,0.9349367
17.1,3.3516438
55.6,0.9349367
55.6,3.3516438
55.6,1.6378933
55.6,3.0433333
55.6,4.417791
52.129333,3.3516438
52.129333,3.0433333
52.129333,4.417791
52.129333,2.8488371
28.235437,2.8488371
28.235437,3.0433333
28.235437,7.303127
135.46352,3.0433333
135.46352,2.8488371
135.46352,7.255
135.46352,7.303127
135.46352,4.417791
126.32823,2.8488371
126.32823,7.303127
126.32823,7.6692615
126.32823,7.255
126.39,7.255
126.39,7.303127
126.39,7.6692615
121.44234,7.303127
121.44234,7.6692615
121.44234,7.255
138.13324,7.255
138.13324,7.6692615
138.13324,4.417791
138.13324,7.98
126.27917,7.6692615
126.27917,2.8488371
126.27917,7.303127
126.27917,2.9440742
126.27917,4.417791
60.847588,4.417791
60.847588,3.3516438
60.847588,3.0433333
60.847588,2.9440742
36.039536,2.9440742
36.039536,4.417791
36.039536,7.303127
135.9,4.417791
135.9,2.9440742
135.9,7.244
135.9,7.303127
135.9,7.98
127.7,2.9440742
127.7,7.303127
127.7,7.244
126.7,7.244
126.7,7.303127
126.7,7.98
127.35,7.303127
127.35,7.244
127.35,7.98
123.95,7.244
123.95,7.98
132.9,7.244
132.9,7.98
132.9,2.9440742
132.9,7.303127
132.9,7.6692615
/
18.390322,2.65
18.390322,6.929
134.79355,2.65
134.79355,7.267952
134.79355,6.929
134.79355,2.8098297
130.726,2.65
130.726,6.929
130.726,7.411111
130.726,7.267952
126.30454,7.267952
126.30454,6.929
126.30454,7.411111
124.756035,6.929
124.756035,7.411111
124.756035,7.267952
124.756035,3.3726666
140.63847,7.267952
140.63847,7.411111
140.63847,2.8098297
140.63847,3.5958824
140.63847,1.579528
140.63847,3.3726666
137.93988,7.411111
137.93988,3.3726666
137.93988,2.65
137.93988,6.929
137.93988,1.8388059
137.93988,2.8098297
26.16811,2.8098297
26.16811,3.5958824
26.16811,1.8388059
30.297617,1.8388059
30.297617,2.8098297
30.297617,3.3726666
30.297617,3.5958824
62.175713,2.8098297
62.175713,3.5958824
62.175713,1.8388059
62.175713,1.579528
62.175713,3.3726666
62.175713,2.6591334
62.175713,3.6430953
36.793335,1.8388059
36.793335,3.3726666
36.793335,3.5958824
36.793335,7.411111
36.793335,1.55
36.793335,1.579528
23.5,3.5958824
23.5,1.579528
23.5,3.3726666
23.5,2.6591334
23.5,1.55
24.451876,3.3726666
24.451876,1.55
24.451876,1.579528
24.451876,2.6591334
52.43722,1.579528
52.43722,2.6591334
52.43722,1.55
52.43722,3.5958824
52.43722,3.6430953
58.636925,2.6591334
58.636925,3.5958824
58.636925,3.6430953
58.636925,7.295
137.26308,3.6430953
137.26308,7.244
137.26308,7.295
128.80667,3.6430953
128.80667,7.295
128.80667,7.195
128.80667,7.244
128.44333,7.244
128.44333,7.295
128.44333,7.195
129.43666,7.295
129.43666,7.195
129.43666,7.244
/
21.2,2.331028
21.2,7.015
21.2,7.162714
133.7,2.331028
133.7,7.015
133.7,7.561032
133.7,7.162714
126.1,2.331028
126.1,7.015
126.1,7.162714
126.1,2.8472612
140.63847,7.015
140.63847,7.561032
140.63847,4.14
140.63847,3.5958824
140.63847,2.8472612
131.39091,7.015
131.39091,2.8472612
131.39091,7.162714
131.39091,7.561032
131.39091,4.14
127.94969,7.561032
127.94969,4.14
127.94969,7.162714
128.42184,7.162714
128.42184,7.561032
128.42184,2.331028
128.42184,7.015
56.8,7.561032
56.8,4.14
56.8,3.6430953
56.8,3.5958824
58.636925,4.14
58.636925,3.6430953
58.636925,3.5958824
58.636925,7.295
137.26308,3.6430953
137.26308,7.244
137.26308,7.295
128.80667,3.6430953
128.80667,7.295
128.80667,7.195
128.80667,7.244
128.44333,7.244
128.44333,7.295
128.44333,7.195
129.43666,7.295
129.43666,7.195
129.43666,7.244
62.175713,4.14
62.175713,3.6430953
62.175713,3.5958824
62.175713,2.8472612
62.175713,2.9
62.175713,2.0933332
40.929,2.8472612
40.929,2.0933332
40.929,3.5958824
40.929,7.015
40.929,7.0671864
140.63847,7.0671864
140.63847,2.9
128.19917,2.8472612
128.19917,7.0671864
128.19917,2.65
137.27173,7.0671864
137.27173,2.65
19.449043,7.0671864
19.449043,2.65
139.825,7.0671864
139.825,2.65
20.175,2.65
20.175,7.0671864
125.45,2.65
125.45,7.0671864
125.45,2.9
135.46352,7.0671864
135.46352,2.8472612
135.46352,2.0933332
135.46352,2.9
30.8,7.0671864
30.8,2.9
30.8,3.5958824
30.8,2.0933332
30.297617,2.0933332
30.297617,2.9
30.297617,2.8472612
30.297617,3.5958824
/
43.710526,2.556
43.710526,2.784
43.710526,2.975
49.969696,2.556
49.969696,2.784
49.969696,2.975
49.969696,2.8488371
28.235437,2.8488371
28.235437,2.784
28.235437,7.513245
135.46352,2.784
135.46352,2.8488371
135.46352,2.975
135.46352,7.513245
126.27917,2.8488371
126.27917,7.513245
126.27917,2.9440742
126.27917,2.975
62.16316,2.975
62.16316,2.556
62.16316,2.784
62.16316,2.9440742
34.8,2.9440742
34.8,2.975
34.8,7.303127
135.9,2.975
135.9,2.9440742
135.9,7.244
135.9,7.303127
135.9,7.98
127.7,2.9440742
127.7,7.303127
127.7,7.244
126.7,7.244
126.7,7.303127
126.7,7.98
127.35,7.303127
127.35,7.244
127.35,7.98
123.95,7.244
123.95,7.98
132.9,7.244
132.9,7.98
132.9,2.9440742
132.9,7.303127
132.9,7.513245
138.13324,7.98
138.13324,2.975
138.13324,7.513245
115.48737,7.513245
160.9007,7.513245
114.06154,7.513245
114.06154,2.8488371
/
22.7,2.65
22.7,7.133091
132.85,2.65
132.85,7.126829
132.85,7.133091
144.47728,2.65
144.47728,7.133091
144.47728,7.6692615
144.47728,2.975
138.13324,7.244
138.13324,7.6692615
138.13324,7.303127
138.13324,2.9440742
121.44234,7.6692615
121.44234,7.244
129.15854,7.244
129.15854,7.6692615
129.15854,7.303127
126.7,7.6692615
126.7,7.244
126.7,7.303127
127.7,7.244
127.7,7.303127
127.7,2.9440742
135.9,7.244
135.9,7.303127
135.9,7.6692615
135.9,2.975
135.9,2.9440742
34.8,7.303127
34.8,2.9440742
34.8,2.975
62.16316,2.975
62.16316,2.9440742
62.16316,2.784
62.16316,2.556
126.27917,2.9440742
126.27917,2.975
126.27917,7.126829
126.27917,2.8488371
135.46352,2.975
135.46352,7.133091
135.46352,7.126829
135.46352,2.784
135.46352,2.8488371
128.97238,7.126829
128.97238,2.8488371
128.97238,7.133091
129.35374,7.133091
129.35374,7.126829
129.35374,2.65
28.235437,7.126829
28.235437,2.8488371
28.235437,2.784
49.969696,2.784
49.969696,2.8488371
49.969696,2.975
49.969696,2.556
43.710526,2.784
43.710526,2.975
43.710526,2.556
/
13.665556,1.05
13.665556,2.6668334
47.79111,2.6668334
47.79111,1.05
47.79111,3.0433333
47.79111,4.417791
52.129333,2.6668334
52.129333,3.0433333
52.129333,4.417791
52.129333,2.8488371
28.235437,2.8488371
28.235437,3.0433333
28.235437,7.303127
135.46352,3.0433333
135.46352,2.8488371
135.46352,7.255
135.46352,7.303127
135.46352,4.417791
126.32823,2.8488371
126.32823,7.303127
126.32823,7.6692615
126.32823,7.255
126.39,7.255
126.39,7.303127
126.39,7.6692615
121.44234,7.303127
121.44234,7.6692615
121.44234,7.255
138.13324,7.255
138.13324,7.6692615
138.13324,4.417791
138.13324,7.98
126.27917,7.6692615
126.27917,2.8488371
126.27917,7.303127
126.27917,2.9440742
126.27917,4.417791
60.847588,4.417791
60.847588,2.6668334
60.847588,3.0433333
60.847588,2.9440742
36.039536,2.9440742
36.039536,4.417791
36.039536,7.303127
135.9,4.417791
135.9,2.9440742
135.9,7.244
135.9,7.303127
135.9,7.98
127.7,2.9440742
127.7,7.303127
127.7,7.244
126.7,7.244
126.7,7.303127
126.7,7.98
127.35,7.303127
127.35,7.244
127.35,7.98
123.95,7.244
123.95,7.98
132.9,7.244
132.9,7.98
132.9,2.9440742
132.9,7.303127
132.9,7.6692615
/
56.72,4.002
56.72,5.1109414
75.544136,4.002
75.544136,5.1109414
75.544136,2.8033333
75.544136,4.417791
49.465996,5.1109414
49.465996,2.8033333
49.465996,4.417791
49.465996,2.8488371
28.235437,2.8488371
28.235437,2.8033333
28.235437,7.303127
135.46352,2.8033333
135.46352,2.8488371
135.46352,7.255
135.46352,7.303127
135.46352,4.417791
126.32823,2.8488371
126.32823,7.303127
126.32823,7.6692615
126.32823,7.255
126.39,7.255
126.39,7.303127
126.39,7.6692615
121.44234,7.303127
121.44234,7.6692615
121.44234,7.255
138.13324,7.255
138.13324,7.6692615
138.13324,4.417791
138.13324,7.98
126.27917,7.6692615
126.27917,2.8488371
126.27917,7.303127
126.27917,2.9440742
126.27917,4.417791
60.847588,4.417791
60.847588,5.1109414
60.847588,2.8033333
60.847588,2.9440742
36.039536,2.9440742
36.039536,4.417791
36.039536,7.303127
135.9,4.417791
135.9,2.9440742
135.9,7.244
135.9,7.303127
135.9,7.98
127.7,2.9440742
127.7,7.303127
127.7,7.244
126.7,7.244
126.7,7.303127
126.7,7.98
127.35,7.303127
127.35,7.244
127.35,7.98
123.95,7.244
123.95,7.98
132.9,7.244
132.9,7.98
132.9,2.9440742
132.9,7.303127
132.9,7.6692615
/
42.25,3.3428316
42.25,3.5213523
42.25,4.865682
61.61905,3.3428316
61.61905,3.5213523
61.61905,4.865682
61.61905,4.5888934
61.61905,2.0601892
30.525375,2.0601892
30.525375,3.5213523
30.525375,4.5888934
84.486,3.5213523
84.486,4.5888934
84.486,2.0601892
63.76552,3.3428316
63.76552,3.5213523
63.76552,4.865682
63.76552,3.0061429
24.53,3.0061429
24.53,3.5213523
24.53,7.303127
135.46352,3.5213523
135.46352,3.0061429
135.46352,7.255
135.46352,7.303127
135.46352,4.865682
126.32823,3.0061429
126.32823,7.303127
126.32823,7.6692615
126.32823,7.255
126.39,7.255
126.39,7.303127
126.39,7.6692615
121.44234,7.303127
121.44234,7.6692615
121.44234,7.255
138.13324,7.255
138.13324,7.6692615
138.13324,4.865682
138.13324,7.98
130.58952,7.6692615
130.58952,3.0061429
130.58952,7.303127
130.58952,3.4434
130.58952,4.865682
71.171036,4.865682
71.171036,3.3428316
71.171036,3.5213523
71.171036,3.4434
33.05,3.4434
33.05,4.865682
33.05,7.303127
135.46352,3.4434
135.46352,7.244
135.46352,7.98
126.32823,3.4434
126.32823,7.244
128.51555,7.244
128.51555,7.303127
128.51555,7.98
127.35,7.303127
127.35,7.244
127.35,7.98
123.95,7.244
123.95,7.98
132.9,7.244
132.9,7.98
132.9,3.4434
132.9,7.303127
132.9,7.6692615
/
20.175,2.65
20.175,7.0671864
139.825,2.65
139.825,7.6073265
139.825,7.0671864
137.27173,2.65
137.27173,7.0671864
137.27173,7.6073265
19.449043,2.65
19.449043,7.6073265
128.73518,2.65
128.73518,7.6073265
138.13324,7.6073265
138.13324,2.9440742
138.13324,7.0671864
135.46352,7.6073265
135.46352,2.975
135.46352,2.9440742
135.46352,7.0671864
36.039536,2.9440742
36.039536,7.0671864
36.039536,2.975
62.16316,2.975
62.16316,2.9440742
62.16316,2.784
62.16316,2.556
126.27917,2.9440742
126.27917,2.975
126.27917,2.894802
132.66,2.975
132.66,7.6073265
132.66,2.6612778
137.84483,2.6612778
137.84483,2.438857
16.787737,2.6612778
135.22162,2.6612778
135.22162,2.438857
16.600624,2.438857
135.22162,2.894802
137.93988,2.438857
137.93988,2.975
137.93988,2.784
137.93988,2.894802
24.992657,2.894802
24.992657,2.784
50.30244,2.784
50.30244,2.894802
50.30244,2.975
50.30244,2.556
43.710526,2.784
43.710526,2.975
43.710526,2.556
125.975,2.9440742
125.975,7.0671864
125.975,2.65
/
43.710526,2.556
43.710526,2.784
43.710526,2.975
49.969696,2.556
49.969696,2.784
49.969696,2.975
49.969696,2.8488371
28.235437,2.8488371
28.235437,2.784
28.235437,7.303127
135.46352,2.784
135.46352,2.8488371
135.46352,7.255
135.46352,7.303127
135.46352,2.975
126.32823,2.8488371
126.32823,7.303127
126.32823,7.6692615
126.32823,7.255
126.39,7.255
126.39,7.303127
126.39,7.6692615
121.44234,7.303127
121.44234,7.6692615
121.44234,7.255
138.13324,7.255
138.13324,7.6692615
138.13324,2.975
138.13324,7.98
126.27917,7.6692615
126.27917,2.8488371
126.27917,7.303127
126.27917,2.9440742
126.27917,2.975
62.16316,2.975
62.16316,2.556
62.16316,2.784
62.16316,2.9440742
34.8,2.9440742
34.8,2.975
34.8,7.303127
135.9,2.975
135.9,2.9440742
135.9,7.244
135.9,7.303127
135.9,7.98
127.7,2.9440742
127.7,7.303127
127.7,7.244
126.7,7.244
126.7,7.303127
126.7,7.98
127.35,7.303127
127.35,7.244
127.35,7.98
123.95,7.244
123.95,7.98
132.9,7.244
132.9,7.98
132.9,2.9440742
132.9,7.303127
132.9,7.6692615
/
43.710526,2.556
43.710526,2.784
43.710526,2.975
49.969696,2.556
49.969696,2.784
49.969696,2.975
49.969696,2.8488371
28.235437,2.8488371
28.235437,2.784
28.235437,7.303127
135.46352,2.784
135.46352,2.8488371
135.46352,7.255
135.46352,7.303127
135.46352,2.975
126.32823,2.8488371
126.32823,7.303127
126.32823,7.6692615
126.32823,7.255
126.39,7.255
126.39,7.303127
126.39,7.6692615
121.44234,7.303127
121.44234,7.6692615
121.44234,7.255
138.13324,7.255
138.13324,7.6692615
138.13324,2.975
138.13324,7.513245
126.27917,7.6692615
126.27917,2.8488371
126.27917,7.303127
126.27917,2.9440742
126.27917,2.975
62.16316,2.975
62.16316,2.556
62.16316,2.784
62.16316,2.9440742
34.8,2.9440742
34.8,2.975
34.8,7.561032
135.9,2.975
135.9,2.9440742
135.9,7.513245
135.9,7.08
135.9,7.561032
138.13324,2.9440742
138.13324,7.561032
115.48737,7.513245
115.48737,7.08
161.26344,7.513245
161.26344,7.561032
161.26344,7.08
114.077774,7.513245
114.077774,7.08
114.077774,7.561032
128.82222,7.561032
128.82222,7.08
128.82222,2.9440742
/
42.3,2.348872
42.3,4.250605
42.3,4.8326874
52.852425,2.348872
52.852425,4.250605
52.852425,4.8326874
52.852425,7.298
131.39091,4.250605
131.39091,7.244
131.39091,7.298
131.39091,7.411111
131.39091,3.3726666
126.119064,4.250605
126.119064,7.298
126.119064,7.244
126.95588,7.244
126.95588,7.298
126.95588,7.411111
127.28746,7.298
127.28746,7.244
127.28746,7.411111
124.756035,7.244
124.756035,7.411111
124.756035,3.3726666
140.63847,7.244
140.63847,7.411111
140.63847,4.250605
140.63847,7.298
140.63847,4.8326874
140.63847,1.579528
140.63847,3.3726666
36.793335,7.411111
36.793335,3.3726666
36.793335,4.8326874
36.793335,2.8407142
36.793335,1.579528
62.9,4.8326874
62.9,1.579528
62.9,3.3726666
62.9,2.348872
62.9,4.250605
62.9,7.2166667
130.83223,3.3726666
130.83223,4.8326874
130.83223,7.244
130.83223,7.2166667
130.83223,7.1813045
130.83223,2.8407142
122.91111,4.8326874
122.91111,7.2166667
122.91111,7.244
126.21429,7.244
126.21429,7.2166667
126.21429,7.1813045
126.56,7.2166667
126.56,7.244
126.56,7.1813045
128.96,7.244
128.96,7.1813045
128.96,2.8407142
133.56667,7.244
133.56667,7.1813045
133.56667,4.8326874
133.56667,7.2166667
133.56667,1.579528
133.56667,2.8407142
28.15,7.1813045
28.15,2.8407142
28.15,3.3726666
28.15,1.579528
26.941967,1.579528
26.941967,2.8407142
26.941967,4.8326874
26.941967,3.3726666
/
20.911133,2.79
20.911133,8.4
20.911133,6.89
135.73312,2.79
135.73312,8.4
135.73312,7.126829
135.73312,6.89
128.73518,2.79
128.73518,8.4
128.73518,6.89
138.13324,8.4
138.13324,7.126829
138.13324,2.9440742
138.13324,7.6692615
135.9,8.4
135.9,6.89
135.9,7.126829
135.9,2.975
135.9,2.9440742
128.97238,7.126829
128.97238,2.9440742
128.97238,6.89
131.63857,6.89
131.63857,7.126829
131.63857,2.79
131.63857,8.4
34.8,7.126829
34.8,2.9440742
34.8,2.975
62.16316,2.975
62.16316,2.9440742
62.16316,2.784
62.16316,2.556
126.27917,2.9440742
126.27917,2.975
126.27917,7.6692615
126.27917,7.303127
126.27917,2.8488371
138.13324,2.975
138.13324,7.255
121.44234,7.6692615
121.44234,7.303127
121.44234,7.255
126.39,7.255
126.39,7.6692615
126.39,7.303127
126.32823,7.6692615
126.32823,7.303127
126.32823,7.255
126.32823,2.8488371
135.46352,7.255
135.46352,7.303127
135.46352,2.975
135.46352,2.784
135.46352,2.8488371
28.235437,7.303127
28.235437,2.8488371
28.235437,2.784
49.969696,2.784
49.969696,2.8488371
49.969696,2.975
49.969696,2.556
43.710526,2.784
43.710526,2.975
43.710526,2.556
/
43.710526,2.556
43.710526,2.784
43.710526,2.975
49.969696,2.556
49.969696,2.784
49.969696,2.975
49.969696,2.8488371
28.235437,2.8488371
28.235437,2.784
28.235437,7.303127
135.46352,2.784
135.46352,2.8488371
135.46352,7.255
135.46352,7.303127
135.46352,2.975
126.32823,2.8488371
126.32823,7.303127
126.32823,7.6692615
126.32823,7.255
126.39,7.255
126.39,7.303127
126.39,7.6692615
121.44234,7.303127
121.44234,7.6692615
121.44234,7.255
138.13324,7.255
138.13324,7.6692615
138.13324,2.975
138.13324,7.6073265
126.27917,7.6692615
126.27917,2.8488371
126.27917,7.303127
126.27917,2.9440742
126.27917,2.975
62.16316,2.975
62.16316,2.556
62.16316,2.784
62.16316,2.9440742
34.8,2.9440742
34.8,2.975
34.8,7.126829
135.9,2.975
135.9,2.9440742
135.9,7.6073265
135.9,7.6945453
135.9,7.126829
138.13324,2.9440742
138.13324,7.126829
128.73518,7.6073265
128.73518,7.6945453
130.64,7.6073265
130.64,7.126829
130.64,7.6945453
123.636665,7.6073265
123.636665,7.6945453
124.732704,7.6073265
124.732704,7.6945453
124.732704,7.126829
128.97238,7.126829
128.97238,7.6945453
128.97238,2.9440742
/
42.3,2.348872
42.3,4.250605
42.3,4.8326874
52.852425,2.348872
52.852425,4.250605
52.852425,4.8326874
52.852425,7.298
131.39091,4.250605
131.39091,7.244
131.39091,7.298
131.39091,7.411111
131.39091,3.3726666
126.119064,4.250605
126.119064,7.298
126.119064,7.244
126.95588,7.244
126.95588,7.298
126.95588,7.411111
127.28746,7.298
127.28746,7.244
127.28746,7.411111
124.756035,7.244
124.756035,7.411111
124.756035,3.3726666
140.63847,7.244
140.63847,7.411111
140.63847,4.250605
140.63847,7.298
140.63847,4.8326874
140.63847,1.579528
140.63847,3.3726666
36.793335,7.411111
36.793335,3.3726666
36.793335,4.8326874
36.793335,2.8407142
36.793335,1.579528
62.9,4.8326874
62.9,1.579528
62.9,3.3726666
62.9,2.348872
62.9,4.250605
62.9,7.2166667
130.83223,3.3726666
130.83223,4.8326874
130.83223,7.244
130.83223,7.2166667
130.83223,7.1813045
130.83223,2.8407142
122.91111,4.8326874
122.91111,7.2166667
122.91111,7.244
126.21429,7.244
126.21429,7.2166667
126.21429,7.1813045
126.56,7.2166667
126.56,7.244
126.56,7.1813045
128.96,7.244
128.96,7.1813045
128.96,2.8407142
133.56667,7.244
133.56667,7.1813045
133.56667,4.8326874
133.56667,7.2166667
133.56667,1.579528
133.56667,2.8407142
28.15,7.1813045
28.15,2.8407142
28.15,3.3726666
28.15,1.579528
26.941967,1.579528
26.941967,2.8407142
26.941967,4.8326874
26.941967,3.3726666
/
12.0,0.9349367
12.0,3.3516438
12.0,1.6378933
17.1,1.6378933
17.1,0.9349367
17.1,3.3516438
55.6,0.9349367
55.6,3.3516438
55.6,1.6378933
55.6,3.0433333
55.6,4.417791
52.129333,3.3516438
52.129333,3.0433333
52.129333,4.417791
52.129333,2.8488371
28.235437,2.8488371
28.235437,3.0433333
28.235437,7.303127
135.46352,3.0433333
135.46352,2.8488371
135.46352,7.255
135.46352,7.303127
135.46352,4.417791
126.32823,2.8488371
126.32823,7.303127
126.32823,7.6692615
126.32823,7.255
126.39,7.255
126.39,7.303127
126.39,7.6692615
121.44234,7.303127
121.44234,7.6692615
121.44234,7.255
138.13324,7.255
138.13324,7.6692615
138.13324,4.417791
138.13324,7.98
126.27917,7.6692615
126.27917,2.8488371
126.27917,7.303127
126.27917,2.9440742
126.27917,4.417791
60.847588,4.417791
60.847588,3.3516438
60.847588,3.0433333
60.847588,2.9440742
36.039536,2.9440742
36.039536,4.417791
36.039536,7.303127
135.9,4.417791
135.9,2.9440742
135.9,7.244
135.9,7.303127
135.9,7.98
127.7,2.9440742
127.7,7.303127
127.7,7.244
126.7,7.244
126.7,7.303127
126.7,7.98
127.35,7.303127
127.35,7.244
127.35,7.98
123.95,7.244
123.95,7.98
132.9,7.244
132.9,7.98
132.9,2.9440742
132.9,7.303127
132.9,7.6692615
/
20.911133,2.79
20.911133,8.4
20.911133,6.89
135.73312,2.79
135.73312,8.4
135.73312,7.126829
135.73312,6.89
128.73518,2.79
128.73518,8.4
128.73518,6.89
138.13324,8.4
138.13324,7.126829
138.13324,2.9440742
138.13324,7.6692615
135.9,8.4
135.9,6.89
135.9,7.126829
135.9,2.975
135.9,2.9440742
128.97238,7.126829
128.97238,2.9440742
128.97238,6.89
131.63857,6.89
131.63857,7.126829
131.63857,2.79
131.63857,8.4
34.8,7.126829
34.8,2.9440742
34.8,2.975
62.16316,2.975
62.16316,2.9440742
62.16316,2.784
62.16316,2.556
126.27917,2.9440742
126.27917,2.975
126.27917,7.6692615
126.27917,7.303127
126.27917,2.8488371
138.13324,2.975
138.13324,7.255
121.44234,7.6692615
121.44234,7.303127
121.44234,7.255
126.39,7.255
126.39,7.6692615
126.39,7.303127
126.32823,7.6692615
126.32823,7.303127
126.32823,7.255
126.32823,2.8488371
135.46352,7.255
135.46352,7.303127
135.46352,2.975
135.46352,2.784
135.46352,2.8488371
28.235437,7.303127
28.235437,2.8488371
28.235437,2.784
49.969696,2.784
49.969696,2.8488371
49.969696,2.975
49.969696,2.556
43.710526,2.784
43.710526,2.975
43.710526,2.556
/
38.05,2.6
38.05,1.55
38.05,1.579528
38.05,3.0126073
38.05,3.5958824
38.05,2.1
29.44,1.579528
29.44,3.5958824
29.44,2.1
29.44,2.6
29.44,2.6591334
29.44,1.55
24.451876,2.6
24.451876,1.55
24.451876,1.579528
24.451876,2.6591334
52.43722,1.579528
52.43722,2.6591334
52.43722,1.55
52.43722,3.6430953
52.43722,3.5958824
58.636925,2.6591334
58.636925,3.6430953
58.636925,3.5958824
58.636925,7.295
137.26308,3.6430953
137.26308,7.244
137.26308,7.295
128.80667,3.6430953
128.80667,7.295
128.80667,7.195
128.80667,7.244
128.44333,7.244
128.44333,7.295
128.44333,7.195
129.43666,7.295
129.43666,7.195
129.43666,7.244
62.175713,2.6591334
62.175713,3.6430953
62.175713,3.5958824
62.175713,1.579528
62.175713,2.1
62.175713,2.6
62.175713,3.0126073
21.666666,2.6
21.666666,3.0126073
21.666666,3.5958824
21.666666,7.303127
135.46352,3.5958824
135.46352,3.0126073
135.46352,7.244
135.46352,7.303127
135.46352,2.1
126.32823,3.0126073
126.32823,7.303127
126.32823,7.244
128.51555,7.244
128.51555,7.303127
125.75,7.303127
125.75,7.244
128.95,7.244
128.95,7.303127
128.95,2.1
135.8,7.244
135.8,7.303127
135.8,3.0126073
135.8,2.6
135.8,2.1
31.146097,7.303127
31.146097,2.1
31.146097,1.579528
31.146097,3.5958824
31.146097,2.6
/
19.926666,1.272
19.926666,4.8426666
57.726665,4.8426666
57.726665,1.272
57.726665,3.3516438
57.726665,3.7848077
57.726665,7.255
42.8,4.8426666
42.8,3.3516438
42.8,3.7848077
42.8,1.7559416
42.8,1.608
21.433332,1.608
21.433332,3.3516438
21.433332,1.7559416
36.021084,3.3516438
36.021084,1.7559416
36.021084,1.608
36.021084,1.1385233
36.021084,3.7848077
39.31531,1.608
39.31531,1.7559416
39.31531,1.1385233
39.31531,1.8388059
39.31531,3.7848077
39.31531,7.1133127
25.510551,1.7559416
25.510551,1.1385233
25.510551,3.7848077
61.8,1.7559416
61.8,1.1385233
61.8,3.7848077
61.8,4.8426666
61.8,3.3516438
61.8,2.9
61.8,1.8388059
30.297617,1.8388059
30.297617,3.7848077
30.297617,2.9
30.8,3.7848077
30.8,2.9
30.8,1.8388059
30.8,7.303127
127.7,1.8388059
127.7,2.9
127.7,7.244
127.7,7.303127
127.7,7.1133127
126.32823,2.9
126.32823,7.303127
126.32823,7.244
128.51555,7.244
128.51555,7.303127
128.51555,7.1133127
127.92424,7.303127
127.92424,7.244
127.92424,7.1133127
123.69621,7.244
123.69621,7.1133127
145.95006,7.244
145.95006,7.1133127
145.95006,2.9
145.95006,7.303127
145.95006,1.7559416
145.95006,1.1385233
145.95006,3.7848077
145.31334,1.272
145.31334,4.8426666
145.31334,7.244
145.31334,7.255
127.415,4.8426666
127.415,7.255
127.415,7.195
127.415,7.244
128.45,7.244
128.45,7.255
128.45,7.195
129.43666,7.255
129.43666,7.195
129.43666,7.244
/
19.926666,1.272
19.926666,4.8426666
57.726665,4.8426666
57.726665,1.272
57.726665,3.3516438
57.726665,3.7848077
57.726665,7.255
42.8,4.8426666
42.8,3.3516438
42.8,3.7848077
42.8,1.7559416
42.8,1.608
21.433332,1.608
21.433332,3.3516438
21.433332,1.7559416
36.021084,3.3516438
36.021084,1.7559416
36.021084,1.608
36.021084,1.1385233
36.021084,3.7848077
39.31531,1.608
39.31531,1.7559416
39.31531,1.1385233
39.31531,1.8388059
39.31531,3.7848077
39.31531,7.1133127
25.510551,1.7559416
25.510551,1.1385233
25.510551,3.7848077
61.8,1.7559416
61.8,1.1385233
61.8,3.7848077
61.8,4.8426666
61.8,3.3516438
61.8,2.9
61.8,1.8388059
30.297617,1.8388059
30.297617,3.7848077
30.297617,2.9
30.8,3.7848077
30.8,2.9
30.8,1.8388059
30.8,7.303127
127.7,1.8388059
127.7,2.9
127.7,7.244
127.7,7.303127
127.7,7.1133127
126.32823,2.9
126.32823,7.303127
126.32823,7.244
128.51555,7.244
128.51555,7.303127
128.51555,7.1133127
127.92424,7.303127
127.92424,7.244
127.92424,7.1133127
123.69621,7.244
123.69621,7.1133127
145.95006,7.244
145.95006,7.1133127
145.95006,2.9
145.95006,7.303127
145.95006,1.7559416
145.95006,1.1385233
145.95006,3.7848077
145.31334,1.272
145.31334,4.8426666
145.31334,7.244
145.31334,7.255
127.415,4.8426666
127.415,7.255
127.415,7.195
127.415,7.244
128.45,7.244
128.45,7.255
128.45,7.195
129.43666,7.255
129.43666,7.195
129.43666,7.244
/
38.05,2.6
38.05,1.55
38.05,1.579528
38.05,3.0126073
38.05,3.5958824
38.05,2.1
29.44,1.579528
29.44,3.5958824
29.44,2.1
29.44,2.6
29.44,2.6591334
29.44,1.55
24.451876,2.6
24.451876,1.55
24.451876,1.579528
24.451876,2.6591334
52.43722,1.579528
52.43722,2.6591334
52.43722,1.55
52.43722,3.6430953
52.43722,3.5958824
58.636925,2.6591334
58.636925,3.6430953
58.636925,3.5958824
58.636925,7.295
137.26308,3.6430953
137.26308,7.244
137.26308,7.295
128.80667,3.6430953
128.80667,7.295
128.80667,7.195
128.80667,7.244
128.44333,7.244
128.44333,7.295
128.44333,7.195
129.43666,7.295
129.43666,7.195
129.43666,7.244
62.175713,2.6591334
62.175713,3.6430953
62.175713,3.5958824
62.175713,1.579528
62.175713,2.1
62.175713,2.6
62.175713,3.0126073
21.666666,2.6
21.666666,3.0126073
21.666666,3.5958824
21.666666,7.303127
135.46352,3.5958824
135.46352,3.0126073
135.46352,7.244
135.46352,7.303127
135.46352,2.1
126.32823,3.0126073
126.32823,7.303127
126.32823,7.244
128.51555,7.244
128.51555,7.303127
125.75,7.303127
125.75,7.244
128.95,7.244
128.95,7.303127
128.95,2.1
135.8,7.244
135.8,7.303127
135.8,3.0126073
135.8,2.6
135.8,2.1
31.146097,7.303127
31.146097,2.1
31.146097,1.579528
31.146097,3.5958824
31.146097,2.6
/
26.967585,1.4147388
55.13122,1.4147388
55.13122,4.7505
55.13122,4.9129286
55.13122,4.7475
55.13122,4.250605
128.66383,1.4147388
128.66383,7.7976665
128.66383,4.7505
128.66383,4.9129286
134.32784,4.7505
134.32784,4.9129286
134.32784,4.7475
134.32784,7.4256296
134.32784,7.7976665
126.27917,7.7976665
126.27917,1.47
126.27917,4.7475
126.27917,2.7695403
126.27917,7.303127
58.847057,4.7475
58.847057,1.666129
58.847057,1.47
58.847057,4.250605
33.2,1.47
33.2,4.7475
33.2,2.7695403
33.2,1.666129
22.566494,4.7475
22.566494,1.666129
22.566494,1.47
22.566494,2.7695403
29.524134,1.47
29.524134,2.7695403
29.524134,1.666129
29.524134,7.303127
135.46352,1.666129
135.46352,2.7695403
135.46352,4.7475
135.46352,7.4256296
135.46352,7.303127
126.32823,2.7695403
126.32823,7.303127
126.32823,7.7976665
126.32823,7.4256296
126.86953,7.4256296
126.86953,7.303127
126.86953,7.7976665
125.16728,7.303127
125.16728,7.7976665
125.16728,7.4256296
54.305553,4.7475
54.305553,4.250605
54.305553,7.292577
136.93733,4.250605
136.93733,7.244
136.93733,7.292577
128.26149,4.250605
128.26149,7.292577
128.26149,7.195
128.26149,7.244
128.59573,7.244
128.59573,7.292577
128.59573,7.195
129.43666,7.292577
129.43666,7.195
129.43666,7.244
114.481995,4.7505
114.481995,4.9129286
/
42.3,2.348872
42.3,4.250605
42.3,4.8326874
52.852425,2.348872
52.852425,4.250605
52.852425,4.8326874
52.852425,7.298
131.39091,4.250605
131.39091,7.244
131.39091,7.298
131.39091,7.411111
131.39091,3.3726666
126.119064,4.250605
126.119064,7.298
126.119064,7.244
126.95588,7.244
126.95588,7.298
126.95588,7.411111
127.28746,7.298
127.28746,7.244
127.28746,7.411111
124.756035,7.244
124.756035,7.411111
124.756035,3.3726666
140.63847,7.244
140.63847,7.411111
140.63847,4.250605
140.63847,7.298
140.63847,4.8326874
140.63847,1.579528
140.63847,3.3726666
36.793335,7.411111
36.793335,3.3726666
36.793335,4.8326874
36.793335,2.8407142
36.793335,1.579528
62.9,4.8326874
62.9,1.579528
62.9,3.3726666
62.9,2.348872
62.9,4.250605
62.9,7.2166667
130.83223,3.3726666
130.83223,4.8326874
130.83223,7.244
130.83223,7.2166667
130.83223,7.1813045
130.83223,2.8407142
122.91111,4.8326874
122.91111,7.2166667
122.91111,7.244
126.21429,7.244
126.21429,7.2166667
126.21429,7.1813045
126.56,7.2166667
126.56,7.244
126.56,7.1813045
128.96,7.244
128.96,7.1813045
128.96,2.8407142
133.56667,7.244
133.56667,7.1813045
133.56667,4.8326874
133.56667,7.2166667
133.56667,1.579528
133.56667,2.8407142
28.15,7.1813045
28.15,2.8407142
28.15,3.3726666
28.15,1.579528
26.941967,1.579528
26.941967,2.8407142
26.941967,4.8326874
26.941967,3.3726666
/
42.3,2.348872
42.3,4.250605
42.3,4.8326874
52.852425,2.348872
52.852425,4.250605
52.852425,4.8326874
52.852425,7.298
131.39091,4.250605
131.39091,7.244
131.39091,7.298
131.39091,7.411111
131.39091,3.3726666
126.119064,4.250605
126.119064,7.298
126.119064,7.244
126.95588,7.244
126.95588,7.298
126.95588,7.411111
127.28746,7.298
127.28746,7.244
127.28746,7.411111
124.756035,7.244
124.756035,7.411111
124.756035,3.3726666
140.63847,7.244
140.63847,7.411111
140.63847,4.250605
140.63847,7.298
140.63847,4.8326874
140.63847,1.579528
140.63847,3.3726666
36.793335,7.411111
36.793335,3.3726666
36.793335,4.8326874
36.793335,2.8407142
36.793335,1.579528
62.9,4.8326874
62.9,1.579528
62.9,3.3726666
62.9,2.348872
62.9,4.250605
62.9,7.2166667
130.83223,3.3726666
130.83223,4.8326874
130.83223,7.244
130.83223,7.2166667
130.83223,7.1813045
130.83223,2.8407142
122.91111,4.8326874
122.91111,7.2166667
122.91111,7.244
126.21429,7.244
126.21429,7.2166667
126.21429,7.1813045
126.56,7.2166667
126.56,7.244
126.56,7.1813045
128.96,7.244
128.96,7.1813045
128.96,2.8407142
133.56667,7.244
133.56667,7.1813045
133.56667,4.8326874
133.56667,7.2166667
133.56667,1.579528
133.56667,2.8407142
28.15,7.1813045
28.15,2.8407142
28.15,3.3726666
28.15,1.579528
26.941967,1.579528
26.941967,2.8407142
26.941967,4.8326874
26.941967,3.3726666
/
43.710526,2.556
43.710526,2.784
43.710526,2.975
49.969696,2.556
49.969696,2.784
49.969696,2.975
49.969696,2.8488371
28.235437,2.8488371
28.235437,2.784
28.235437,7.303127
135.46352,2.784
135.46352,2.8488371
135.46352,7.255
135.46352,7.303127
135.46352,2.975
126.32823,2.8488371
126.32823,7.303127
126.32823,7.6692615
126.32823,7.255
126.39,7.255
126.39,7.303127
126.39,7.6692615
121.44234,7.303127
121.44234,7.6692615
121.44234,7.255
138.13324,7.255
138.13324,7.6692615
138.13324,2.975
138.13324,7.513245
126.27917,7.6692615
126.27917,2.8488371
126.27917,7.303127
126.27917,2.9440742
126.27917,2.975
62.16316,2.975
62.16316,2.556
62.16316,2.784
62.16316,2.9440742
34.8,2.9440742
34.8,2.975
34.8,7.561032
135.9,2.975
135.9,2.9440742
135.9,7.513245
135.9,7.08
135.9,7.561032
138.13324,2.9440742
138.13324,7.561032
115.48737,7.513245
115.48737,7.08
161.26344,7.513245
161.26344,7.561032
161.26344,7.08
114.077774,7.513245
114.077774,7.08
114.077774,7.561032
128.82222,7.561032
128.82222,7.08
128.82222,2.9440742
/
43.710526,2.556
43.710526,2.784
43.710526,2.975
49.969696,2.556
49.969696,2.784
49.969696,2.975
49.969696,2.8488371
28.235437,2.8488371
28.235437,2.784
28.235437,7.303127
135.46352,2.784
135.46352,2.8488371
135.46352,7.255
135.46352,7.303127
135.46352,2.975
126.32823,2.8488371
126.32823,7.303127
126.32823,7.6692615
126.32823,7.255
126.39,7.255
126.39,7.303127
126.39,7.6692615
121.44234,7.303127
121.44234,7.6692615
121.44234,7.255
138.13324,7.255
138.13324,7.6692615
138.13324,2.975
138.13324,7.513245
126.27917,7.6692615
126.27917,2.8488371
126.27917,7.303127
126.27917,2.9440742
126.27917,2.975
62.16316,2.975
62.16316,2.556
62.16316,2.784
62.16316,2.9440742
34.8,2.9440742
34.8,2.975
34.8,7.561032
135.9,2.975
135.9,2.9440742
135.9,7.513245
135.9,7.08
135.9,7.561032
138.13324,2.9440742
138.13324,7.561032
115.48737,7.513245
115.48737,7.08
161.26344,7.513245
161.26344,7.561032
161.26344,7.08
114.077774,7.513245
114.077774,7.08
114.077774,7.561032
128.82222,7.561032
128.82222,7.08
128.82222,2.9440742
/
10.84,1.04
10.84,3.5213523
10.84,1.825
15.98,1.825
15.98,1.04
15.98,3.5213523
61.61905,1.04
61.61905,3.5213523
61.61905,1.825
61.61905,3.3428316
61.61905,4.865682
42.25,3.5213523
42.25,3.3428316
42.25,4.865682
63.76552,3.5213523
63.76552,3.3428316
63.76552,4.865682
63.76552,3.0061429
24.53,3.0061429
24.53,3.5213523
24.53,7.303127
135.46352,3.5213523
135.46352,3.0061429
135.46352,7.255
135.46352,7.303127
135.46352,4.865682
126.32823,3.0061429
126.32823,7.303127
126.32823,7.6692615
126.32823,7.255
126.39,7.255
126.39,7.303127
126.39,7.6692615
121.44234,7.303127
121.44234,7.6692615
121.44234,7.255
138.13324,7.255
138.13324,7.6692615
138.13324,4.865682
138.13324,7.98
130.58952,7.6692615
130.58952,3.0061429
130.58952,7.303127
130.58952,3.4434
130.58952,4.865682
71.171036,4.865682
71.171036,3.5213523
71.171036,3.3428316
71.171036,3.4434
33.05,3.4434
33.05,4.865682
33.05,7.303127
135.46352,3.4434
135.46352,7.244
135.46352,7.98
126.32823,3.4434
126.32823,7.244
128.51555,7.244
128.51555,7.303127
128.51555,7.98
127.35,7.303127
127.35,7.244
127.35,7.98
123.95,7.244
123.95,7.98
132.9,7.244
132.9,7.98
132.9,3.4434
132.9,7.303127
132.9,7.6692615
/
10.84,1.04
10.84,3.5213523
10.84,1.825
15.98,1.825
15.98,1.04
15.98,3.5213523
61.61905,1.04
61.61905,3.5213523
61.61905,1.825
61.61905,3.3428316
61.61905,4.865682
42.25,3.5213523
42.25,3.3428316
42.25,4.865682
63.76552,3.5213523
63.76552,3.3428316
63.76552,4.865682
63.76552,3.0061429
24.53,3.0061429
24.53,3.5213523
24.53,7.303127
135.46352,3.5213523
135.46352,3.0061429
135.46352,7.255
135.46352,7.303127
135.46352,4.865682
126.32823,3.0061429
126.32823,7.303127
126.32823,7.6692615
126.32823,7.255
126.39,7.255
126.39,7.303127
126.39,7.6692615
121.44234,7.303127
121.44234,7.6692615
121.44234,7.255
138.13324,7.255
138.13324,7.6692615
138.13324,4.865682
138.13324,7.98
130.58952,7.6692615
130.58952,3.0061429
130.58952,7.303127
130.58952,3.4434
130.58952,4.865682
71.171036,4.865682
71.171036,3.5213523
71.171036,3.3428316
71.171036,3.4434
33.05,3.4434
33.05,4.865682
33.05,7.303127
135.46352,3.4434
135.46352,7.244
135.46352,7.98
126.32823,3.4434
126.32823,7.244
128.51555,7.244
128.51555,7.303127
128.51555,7.98
127.35,7.303127
127.35,7.244
127.35,7.98
123.95,7.244
123.95,7.98
132.9,7.244
132.9,7.98
132.9,3.4434
132.9,7.303127
132.9,7.6692615
/
20.911133,2.79
20.911133,8.4
20.911133,6.89
135.73312,2.79
135.73312,8.4
135.73312,7.126829
135.73312,6.89
128.73518,2.79
128.73518,8.4
128.73518,6.89
138.13324,8.4
138.13324,7.126829
138.13324,2.9440742
138.13324,7.6692615
135.9,8.4
135.9,6.89
135.9,7.126829
135.9,2.975
135.9,2.9440742
128.97238,7.126829
128.97238,2.9440742
128.97238,6.89
131.63857,6.89
131.63857,7.126829
131.63857,2.79
131.63857,8.4
34.8,7.126829
34.8,2.9440742
34.8,2.975
62.16316,2.975
62.16316,2.9440742
62.16316,2.784
62.16316,2.556
126.27917,2.9440742
126.27917,2.975
126.27917,7.6692615
126.27917,7.303127
126.27917,2.8488371
138.13324,2.975
138.13324,7.255
121.44234,7.6692615
121.44234,7.303127
121.44234,7.255
126.39,7.255
126.39,7.6692615
126.39,7.303127
126.32823,7.6692615
126.32823,7.303127
126.32823,7.255
126.32823,2.8488371
135.46352,7.255
135.46352,7.303127
135.46352,2.975
135.46352,2.784
135.46352,2.8488371
28.235437,7.303127
28.235437,2.8488371
28.235437,2.784
49.969696,2.784
49.969696,2.8488371
49.969696,2.975
49.969696,2.556
43.710526,2.784
43.710526,2.975
43.710526,2.556
/
43.710526,2.556
43.710526,2.784
43.710526,2.975
49.969696,2.556
49.969696,2.784
49.969696,2.975
49.969696,2.8488371
28.235437,2.8488371
28.235437,2.784
28.235437,7.303127
135.46352,2.784
135.46352,2.8488371
135.46352,7.255
135.46352,7.303127
135.46352,2.975
126.32823,2.8488371
126.32823,7.303127
126.32823,7.6692615
126.32823,7.255
126.39,7.255
126.39,7.303127
126.39,7.6692615
121.44234,7.303127
121.44234,7.6692615
121.44234,7.255
138.13324,7.255
138.13324,7.6692615
138.13324,2.975
138.13324,7.6073265
126.27917,7.6692615
126.27917,2.8488371
126.27917,7.303127
126.27917,2.9440742
126.27917,2.975
62.16316,2.975
62.16316,2.556
62.16316,2.784
62.16316,2.9440742
34.8,2.9440742
34.8,2.975
34.8,7.126829
135.9,2.975
135.9,2.9440742
135.9,7.6073265
135.9,7.6945453
135.9,7.126829
138.13324,2.9440742
138.13324,7.126829
128.73518,7.6073265
128.73518,7.6945453
130.64,7.6073265
130.64,7.126829
130.64,7.6945453
123.636665,7.6073265
123.636665,7.6945453
124.732704,7.6073265
124.732704,7.6945453
124.732704,7.126829
128.97238,7.126829
128.97238,7.6945453
128.97238,2.9440742
/
12.0,0.9349367
12.0,3.3516438
12.0,1.6378933
17.1,1.6378933
17.1,0.9349367
17.1,3.3516438
55.6,0.9349367
55.6,3.3516438
55.6,1.6378933
55.6,3.0433333
55.6,4.417791
52.129333,3.3516438
52.129333,3.0433333
52.129333,4.417791
52.129333,2.8488371
28.235437,2.8488371
28.235437,3.0433333
28.235437,7.303127
135.46352,3.0433333
135.46352,2.8488371
135.46352,7.255
135.46352,7.303127
135.46352,4.417791
126.32823,2.8488371
126.32823,7.303127
126.32823,7.6692615
126.32823,7.255
126.39,7.255
126.39,7.303127
126.39,7.6692615
121.44234,7.303127
121.44234,7.6692615
121.44234,7.255
138.13324,7.255
138.13324,7.6692615
138.13324,4.417791
126.27917,7.6692615
126.27917,2.8488371
126.27917,7.303127
126.27917,2.9440742
126.27917,4.417791
60.847588,4.417791
60.847588,3.3516438
60.847588,3.0433333
60.847588,2.9440742
36.039536,2.9440742
36.039536,4.417791
36.039536,7.303127
135.46352,2.9440742
135.46352,7.267952
132.66,2.9440742
132.66,7.303127
132.66,7.6692615
132.66,3.995
132.66,7.298
131.39091,1.81
131.39091,3.995
131.39091,7.267952
131.39091,7.298
43.545,3.995
43.545,7.298
43.545,1.81
126.119064,3.995
126.119064,7.298
126.119064,7.303127
126.119064,7.267952
126.30454,7.267952
126.30454,7.298
126.30454,7.303127
126.32823,7.298
126.32823,7.267952
126.32823,2.9440742
/
43.710526,2.556
43.710526,2.784
43.710526,2.975
49.969696,2.556
49.969696,2.784
49.969696,2.975
49.969696,2.8488371
28.235437,2.8488371
28.235437,2.784
28.235437,7.126829
135.46352,2.784
135.46352,2.8488371
135.46352,2.975
135.46352,7.126829
126.27917,2.8488371
126.27917,7.126829
126.27917,2.9440742
126.27917,2.975
62.16316,2.975
62.16316,2.556
62.16316,2.784
62.16316,2.9440742
34.8,2.9440742
34.8,2.975
34.8,7.303127
135.9,2.975
135.9,2.9440742
135.9,7.244
135.9,7.303127
135.9,7.6692615
127.7,2.9440742
127.7,7.303127
127.7,7.244
126.7,7.244
126.7,7.303127
126.7,7.6692615
129.15854,7.303127
129.15854,7.244
129.15854,7.6692615
121.44234,7.244
121.44234,7.6692615
138.13324,7.244
138.13324,7.6692615
138.13324,2.9440742
138.13324,7.303127
144.47728,7.6692615
144.47728,2.975
144.47728,0.7304
144.47728,7.126829
135.46352,0.7304
38.65,0.7304
38.65,7.126829
38.65,7.24
139.835,0.7304
139.835,7.15
139.835,7.24
128.56,0.7304
128.56,7.24
128.56,7.15
129.5325,7.15
129.5325,7.24
127.405,7.24
127.405,7.15
128.97238,0.7304
128.97238,7.126829
128.97238,2.8488371
/
18.390322,2.65
18.390322,7.133091
134.79355,2.65
134.79355,2.894802
134.79355,8.05
134.79355,7.133091
133.87634,2.65
133.87634,7.133091
133.87634,2.784
133.87634,2.894802
133.87634,2.975
24.992657,2.894802
24.992657,2.784
50.30244,2.784
50.30244,2.894802
50.30244,2.556
50.30244,2.975
43.710526,2.784
43.710526,2.556
43.710526,2.975
62.16316,2.784
62.16316,2.556
62.16316,2.975
62.16316,2.9440742
126.27917,2.9440742
126.27917,2.975
126.27917,2.894802
126.27917,8.05
138.13324,2.975
138.13324,7.98
138.13324,7.133091
138.13324,8.05
132.9,8.05
132.9,7.244
132.9,7.98
132.9,7.303127
132.9,2.9440742
123.95,7.98
123.95,7.244
127.35,7.244
127.35,7.98
127.35,7.303127
126.7,7.98
126.7,7.244
126.7,7.303127
127.7,7.244
127.7,7.303127
127.7,2.9440742
135.9,7.244
135.9,7.303127
135.9,7.98
135.9,2.975
135.9,2.9440742
34.8,7.303127
34.8,2.9440742
34.8,2.975
123.9,8.05
123.9,7.133091
129.35374,7.133091
129.35374,8.05
129.35374,2.65
/
38.05,2.6
38.05,1.55
38.05,1.579528
38.05,3.0126073
38.05,3.5958824
38.05,2.1
29.44,1.579528
29.44,3.5958824
29.44,2.1
29.44,2.6
29.44,2.6591334
29.44,1.55
24.451876,2.6
24.451876,1.55
24.451876,1.579528
24.451876,2.6591334
52.43722,1.579528
52.43722,2.6591334
52.43722,1.55
52.43722,3.6430953
52.43722,3.5958824
58.636925,2.6591334
58.636925,3.6430953
58.636925,3.5958824
58.636925,7.295
137.26308,3.6430953
137.26308,7.244
137.26308,7.295
128.80667,3.6430953
128.80667,7.295
128.80667,7.195
128.80667,7.244
128.44333,7.244
128.44333,7.295
128.44333,7.195
129.43666,7.295
129.43666,7.195
129.43666,7.244
62.175713,2.6591334
62.175713,3.6430953
62.175713,3.5958824
62.175713,1.579528
62.175713,2.1
62.175713,2.6
62.175713,3.0126073
21.666666,2.6
21.666666,3.0126073
21.666666,3.5958824
21.666666,7.303127
135.46352,3.5958824
135.46352,3.0126073
135.46352,7.244
135.46352,7.303127
135.46352,2.1
126.32823,3.0126073
126.32823,7.303127
126.32823,7.244
128.51555,7.244
128.51555,7.303127
125.75,7.303127
125.75,7.244
128.95,7.244
128.95,7.303127
128.95,2.1
135.8,7.244
135.8,7.303127
135.8,3.0126073
135.8,2.6
135.8,2.1
31.146097,7.303127
31.146097,2.1
31.146097,1.579528
31.146097,3.5958824
31.146097,2.6
/
38.05,2.6
38.05,1.55
38.05,1.579528
38.05,3.0126073
38.05,3.5958824
38.05,2.1
29.44,1.579528
29.44,3.5958824
29.44,2.1
29.44,2.6
29.44,2.6591334
29.44,1.55
24.451876,2.6
24.451876,1.55
24.451876,1.579528
24.451876,2.6591334
52.43722,1.579528
52.43722,2.6591334
52.43722,1.55
52.43722,3.6430953
52.43722,3.5958824
58.636925,2.6591334
58.636925,3.6430953
58.636925,3.5958824
58.636925,7.295
137.26308,3.6430953
137.26308,7.244
137.26308,7.295
128.80667,3.6430953
128.80667,7.295
128.80667,7.195
128.80667,7.244
128.44333,7.244
128.44333,7.295
128.44333,7.195
129.43666,7.295
129.43666,7.195
129.43666,7.244
62.175713,2.6591334
62.175713,3.6430953
62.175713,3.5958824
62.175713,1.579528
62.175713,2.1
62.175713,2.6
62.175713,3.0126073
21.666666,2.6
21.666666,3.0126073
21.666666,3.5958824
21.666666,7.303127
135.46352,3.5958824
135.46352,3.0126073
135.46352,7.244
135.46352,7.303127
135.46352,2.1
126.32823,3.0126073
126.32823,7.303127
126.32823,7.244
128.51555,7.244
128.51555,7.303127
125.75,7.303127
125.75,7.244
128.95,7.244
128.95,7.303127
128.95,2.1
135.8,7.244
135.8,7.303127
135.8,3.0126073
135.8,2.6
135.8,2.1
31.146097,7.303127
31.146097,2.1
31.146097,1.579528
31.146097,3.5958824
31.146097,2.6
/
22.7,2.65
22.7,7.184212
132.85,2.65
132.85,7.42
132.85,7.184212
144.47728,2.65
144.47728,7.184212
144.47728,7.6692615
138.13324,7.255
138.13324,7.6692615
138.7642,7.6692615
138.7642,2.9440742
138.7642,7.303127
135.46352,2.975
135.46352,2.9440742
135.46352,7.255
135.46352,7.303127
36.039536,2.9440742
36.039536,7.303127
36.039536,2.975
62.16316,2.975
62.16316,2.9440742
62.16316,2.784
62.16316,2.556
126.27917,2.9440742
126.27917,2.975
126.27917,7.6692615
126.27917,7.303127
126.27917,2.8488371
138.13324,2.975
121.44234,7.6692615
121.44234,7.303127
121.44234,7.255
126.39,7.255
126.39,7.6692615
126.39,7.303127
126.32823,7.6692615
126.32823,7.303127
126.32823,7.255
126.32823,2.8488371
135.46352,2.784
135.46352,2.8488371
28.235437,7.303127
28.235437,2.8488371
28.235437,2.784
49.969696,2.784
49.969696,2.8488371
49.969696,2.975
49.969696,2.556
43.710526,2.784
43.710526,2.975
43.710526,2.556
126.32823,2.9440742
133.875,2.65
133.875,7.184212
133.875,7.42
128.82,7.42
128.82,7.184212
/
42.1752,2.348872
42.1752,4.250605
42.1752,3.5958824
52.852425,2.348872
52.852425,4.250605
52.852425,3.5958824
52.852425,7.298
131.39091,4.250605
131.39091,7.244
131.39091,7.298
131.39091,7.411111
131.39091,2.8472612
126.119064,4.250605
126.119064,7.298
126.119064,7.244
126.95588,7.244
126.95588,7.298
126.95588,7.411111
127.28746,7.298
127.28746,7.244
127.28746,7.411111
124.756035,7.244
124.756035,7.411111
124.756035,2.8472612
140.63847,7.244
140.63847,7.411111
140.63847,4.250605
140.63847,7.298
140.63847,3.5958824
140.63847,2.8472612
40.929,7.411111
40.929,2.8472612
40.929,2.0933332
40.929,3.5958824
62.175713,3.5958824
62.175713,2.8472612
62.175713,2.348872
62.175713,4.250605
62.175713,2.9
62.175713,2.0933332
30.297617,2.8472612
30.297617,2.0933332
30.297617,3.5958824
30.297617,2.9
30.8,3.5958824
30.8,2.9
30.8,2.0933332
30.8,7.06
136.96666,2.0933332
136.96666,2.9
136.96666,7.244
136.96666,7.06
136.96666,7.411111
136.96666,2.8472612
128.26666,2.9
128.26666,7.06
128.26666,7.244
125.96667,7.244
125.96667,7.06
125.96667,7.411111
127.28746,7.06
140.63847,2.9
140.63847,7.06
/
19.583334,1.25
19.583334,3.3522189
19.583334,2.842
40.9,2.842
40.9,1.25
40.9,3.3522189
40.9,7.411111
56.03956,1.25
56.03956,3.3522189
56.03956,2.842
56.03956,2.348872
56.03956,2.975
42.1752,3.3522189
42.1752,2.348872
42.1752,2.975
62.16316,3.3522189
62.16316,2.348872
62.16316,2.975
62.16316,2.9440742
34.8,2.9440742
34.8,2.975
34.8,7.303127
135.9,2.975
135.9,2.9440742
135.9,7.244
135.9,7.303127
135.9,7.98
127.7,2.9440742
127.7,7.303127
127.7,7.244
126.7,7.244
126.7,7.303127
126.7,7.98
127.35,7.303127
127.35,7.244
127.35,7.98
123.95,7.244
123.95,7.98
132.9,7.244
132.9,7.98
132.9,2.9440742
132.9,7.303127
132.9,7.6692615
138.13324,7.98
138.13324,2.975
138.13324,7.4256296
138.13324,7.6692615
126.27917,7.6692615
126.27917,2.9440742
126.27917,2.975
126.27917,2.842
126.27917,7.411111
140.63847,2.975
140.63847,1.25
140.63847,3.3522189
140.63847,2.842
140.63847,7.4256296
140.63847,7.411111
124.756035,2.842
124.756035,7.411111
124.756035,7.6692615
124.756035,7.4256296
126.86953,7.4256296
126.86953,7.411111
126.86953,7.6692615
121.44234,7.411111
121.44234,7.6692615
121.44234,7.4256296
/
11.644644,0.81666666
11.644644,2.8472612
11.644644,1.4515777
26.40161,1.4515777
26.40161,0.81666666
26.40161,3.3522189
26.40161,2.8472612
43.1,0.81666666
43.1,2.8472612
43.1,1.4515777
43.1,3.3522189
43.1,7.411111
56.03956,1.4515777
56.03956,3.3522189
56.03956,2.8472612
56.03956,2.348872
56.03956,2.975
42.1752,3.3522189
42.1752,2.348872
42.1752,2.975
62.16316,3.3522189
62.16316,2.348872
62.16316,2.975
62.16316,2.9440742
34.8,2.9440742
34.8,2.975
34.8,7.303127
135.9,2.975
135.9,2.9440742
135.9,7.244
135.9,7.303127
135.9,7.98
127.7,2.9440742
127.7,7.303127
127.7,7.244
126.7,7.244
126.7,7.303127
126.7,7.98
127.35,7.303127
127.35,7.244
127.35,7.98
123.95,7.244
123.95,7.98
132.9,7.244
132.9,7.98
132.9,2.9440742
132.9,7.303127
132.9,7.6692615
138.13324,7.98
138.13324,2.975
138.13324,7.4256296
138.13324,7.6692615
126.27917,7.6692615
126.27917,2.9440742
126.27917,2.975
126.27917,2.8472612
126.27917,7.411111
140.63847,2.975
140.63847,1.4515777
140.63847,3.3522189
140.63847,2.8472612
140.63847,7.4256296
140.63847,7.411111
124.756035,2.8472612
124.756035,7.411111
124.756035,7.6692615
124.756035,7.4256296
126.86953,7.4256296
126.86953,7.411111
126.86953,7.6692615
121.44234,7.411111
121.44234,7.6692615
121.44234,7.4256296
/
36.793335,3.3726666
36.793335,1.55
36.793335,1.579528
36.793335,2.0933332
36.793335,3.5958824
36.793335,7.411111
23.5,1.579528
23.5,3.5958824
23.5,3.3726666
23.5,2.6591334
23.5,1.55
24.451876,3.3726666
24.451876,1.55
24.451876,1.579528
24.451876,2.6591334
52.43722,1.579528
52.43722,2.6591334
52.43722,1.55
52.43722,3.6430953
52.43722,3.5958824
58.636925,2.6591334
58.636925,3.6430953
58.636925,3.5958824
58.636925,7.295
137.26308,3.6430953
137.26308,7.244
137.26308,7.295
128.80667,3.6430953
128.80667,7.295
128.80667,7.195
128.80667,7.244
128.44333,7.244
128.44333,7.295
128.44333,7.195
129.43666,7.295
129.43666,7.195
129.43666,7.244
62.175713,2.6591334
62.175713,3.6430953
62.175713,3.5958824
62.175713,1.579528
62.175713,3.3726666
62.175713,2.9
62.175713,2.0933332
30.297617,3.3726666
30.297617,2.0933332
30.297617,3.5958824
30.297617,2.9
30.8,3.5958824
30.8,2.9
30.8,2.0933332
30.8,7.06
136.96666,2.0933332
136.96666,2.9
136.96666,7.244
136.96666,7.06
136.96666,7.411111
136.96666,3.3726666
128.26666,2.9
128.26666,7.06
128.26666,7.244
125.96667,7.244
125.96667,7.06
125.96667,7.411111
127.28746,7.06
127.28746,7.244
127.28746,7.411111
124.756035,7.244
124.756035,7.411111
124.756035,3.3726666
140.63847,7.244
140.63847,7.411111
140.63847,1.579528
140.63847,3.5958824
140.63847,3.3726666
140.63847,2.9
140.63847,7.06
/
19.94923,2.65
19.94923,7.133091
136.58154,2.65
136.58154,2.6612778
136.58154,7.126829
136.58154,7.133091
137.84483,2.65
137.84483,7.133091
137.84483,2.6612778
16.787737,2.6612778
132.66,2.6612778
132.66,7.126829
132.66,2.9440742
132.66,7.6692615
135.46352,7.133091
135.46352,7.126829
135.46352,2.975
135.46352,2.9440742
128.97238,7.126829
128.97238,2.9440742
128.97238,7.133091
133.6,7.133091
133.6,7.126829
133.6,2.65
36.039536,7.126829
36.039536,2.9440742
36.039536,2.975
62.16316,2.975
62.16316,2.9440742
62.16316,2.784
62.16316,2.556
126.27917,2.9440742
126.27917,2.975
126.27917,7.6692615
126.27917,7.303127
126.27917,2.8488371
138.13324,2.975
138.13324,7.255
138.13324,7.6692615
121.44234,7.6692615
121.44234,7.303127
121.44234,7.255
126.39,7.255
126.39,7.6692615
126.39,7.303127
126.32823,7.6692615
126.32823,7.303127
126.32823,7.255
126.32823,2.8488371
135.46352,7.255
135.46352,7.303127
135.46352,2.784
135.46352,2.8488371
28.235437,7.303127
28.235437,2.8488371
28.235437,2.784
49.969696,2.784
49.969696,2.8488371
49.969696,2.975
49.969696,2.556
43.710526,2.784
43.710526,2.975
43.710526,2.556
/
12.0,0.9349367
12.0,3.3516438
12.0,1.6378933
17.1,1.6378933
17.1,0.9349367
17.1,3.3516438
55.6,0.9349367
55.6,3.3516438
55.6,1.6378933
55.6,3.0433333
55.6,4.417791
52.129333,3.3516438
52.129333,3.0433333
52.129333,4.417791
52.129333,2.8488371
28.235437,2.8488371
28.235437,3.0433333
28.235437,7.303127
135.46352,3.0433333
135.46352,2.8488371
135.46352,7.255
135.46352,7.303127
135.46352,4.417791
126.32823,2.8488371
126.32823,7.303127
126.32823,7.6692615
126.32823,7.255
126.39,7.255
126.39,7.303127
126.39,7.6692615
121.44234,7.303127
121.44234,7.6692615
121.44234,7.255
138.13324,7.255
138.13324,7.6692615
138.13324,4.417791
126.27917,7.6692615
126.27917,2.8488371
126.27917,7.303127
126.27917,2.9440742
126.27917,4.417791
60.847588,4.417791
60.847588,3.3516438
60.847588,3.0433333
60.847588,2.9440742
36.039536,2.9440742
36.039536,4.417791
36.039536,7.303127
135.46352,2.9440742
135.46352,7.267952
132.66,2.9440742
132.66,7.303127
132.66,7.6692615
132.66,3.995
132.66,7.298
131.39091,1.81
131.39091,3.995
131.39091,7.267952
131.39091,7.298
43.545,3.995
43.545,7.298
43.545,1.81
126.119064,3.995
126.119064,7.298
126.119064,7.303127
126.119064,7.267952
126.30454,7.267952
126.30454,7.298
126.30454,7.303127
126.32823,7.298
126.32823,7.267952
126.32823,2.9440742
/
12.0,0.9349367
12.0,3.3516438
12.0,1.6378933
17.1,1.6378933
17.1,0.9349367
17.1,3.3516438
55.6,0.9349367
55.6,3.3516438
55.6,1.6378933
55.6,3.0433333
55.6,4.417791
52.129333,3.3516438
52.129333,3.0433333
52.129333,4.417791
52.129333,2.8488371
28.235437,2.8488371
28.235437,3.0433333
28.235437,7.303127
135.46352,3.0433333
135.46352,2.8488371
135.46352,7.255
135.46352,7.303127
135.46352,4.417791
126.32823,2.8488371
126.32823,7.303127
126.32823,7.6692615
126.32823,7.255
126.39,7.255
126.39,7.303127
126.39,7.6692615
121.44234,7.303127
121.44234,7.6692615
121.44234,7.255
138.13324,7.255
138.13324,7.6692615
138.13324,4.417791
126.27917,7.6692615
126.27917,2.8488371
126.27917,7.303127
126.27917,2.9440742
126.27917,4.417791
60.847588,4.417791
60.847588,3.3516438
60.847588,3.0433333
60.847588,2.9440742
36.039536,2.9440742
36.039536,4.417791
36.039536,7.303127
135.46352,2.9440742
135.46352,7.267952
132.66,2.9440742
132.66,7.303127
132.66,7.6692615
132.66,3.995
132.66,7.298
131.39091,1.81
131.39091,3.995
131.39091,7.267952
131.39091,7.298
43.545,3.995
43.545,7.298
43.545,1.81
126.119064,3.995
126.119064,7.298
126.119064,7.303127
126.119064,7.267952
126.30454,7.267952
126.30454,7.298
126.30454,7.303127
126.32823,7.298
126.32823,7.267952
126.32823,2.9440742
/
58.91579,3.14
58.91579,3.65
58.91579,4.865682
65.47027,3.14
65.47027,3.65
65.47027,4.865682
65.47027,3.0061429
24.53,3.0061429
24.53,3.65
24.53,7.303127
135.46352,3.65
135.46352,3.0061429
135.46352,7.255
135.46352,7.303127
135.46352,4.865682
126.32823,3.0061429
126.32823,7.303127
126.32823,7.6692615
126.32823,7.255
126.39,7.255
126.39,7.303127
126.39,7.6692615
121.44234,7.303127
121.44234,7.6692615
121.44234,7.255
138.13324,7.255
138.13324,7.6692615
138.13324,4.865682
138.13324,7.98
130.58952,7.6692615
130.58952,3.0061429
130.58952,7.303127
130.58952,3.4434
130.58952,4.865682
71.171036,4.865682
71.171036,3.14
71.171036,3.65
71.171036,3.4434
33.05,3.4434
33.05,4.865682
33.05,7.303127
135.46352,3.4434
135.46352,7.244
135.46352,7.98
126.32823,3.4434
126.32823,7.244
128.51555,7.244
128.51555,7.303127
128.51555,7.98
127.35,7.303127
127.35,7.244
127.35,7.98
123.95,7.244
123.95,7.98
132.9,7.244
132.9,7.98
132.9,3.4434
132.9,7.303127
132.9,7.6692615
/
18.4,1.662
18.4,4.8326874
18.4,3.912857
38.4,3.912857
38.4,1.662
38.4,4.8326874
38.4,7.411111
62.9,1.662
62.9,4.8326874
62.9,3.912857
62.9,3.3516438
62.9,2.348872
126.27917,3.912857
126.27917,4.8326874
126.27917,7.6692615
126.27917,7.303127
126.27917,2.8488371
138.13324,4.8326874
138.13324,7.6692615
138.13324,7.255
138.13324,7.244
138.13324,7.411111
138.13324,3.912857
121.44234,7.6692615
121.44234,7.244
129.15854,7.244
129.15854,7.6692615
129.15854,7.411111
127.28746,7.6692615
127.28746,7.244
127.28746,7.411111
124.756035,7.244
124.756035,7.411111
124.756035,3.912857
140.63847,7.244
140.63847,7.411111
140.63847,1.662
140.63847,4.8326874
140.63847,3.912857
140.63847,7.6692615
121.44234,7.303127
121.44234,7.255
126.39,7.255
126.39,7.6692615
126.39,7.303127
126.32823,7.6692615
126.32823,7.303127
126.32823,7.255
126.32823,2.8488371
135.46352,7.255
135.46352,7.303127
135.46352,4.8326874
135.46352,3.3516438
135.46352,2.8488371
28.235437,7.303127
28.235437,2.8488371
28.235437,3.3516438
49.465996,3.3516438
49.465996,2.8488371
49.465996,4.8326874
49.465996,2.348872
42.1752,3.3516438
42.1752,4.8326874
42.1752,2.348872
/
43.710526,2.556
43.710526,2.784
43.710526,2.975
49.969696,2.556
49.969696,2.784
49.969696,2.975
49.969696,2.8488371
28.235437,2.8488371
28.235437,2.784
28.235437,7.561032
135.46352,2.784
135.46352,2.8488371
135.46352,2.975
135.46352,7.0991383
135.46352,7.561032
126.27917,2.8488371
126.27917,7.561032
126.27917,2.9440742
126.27917,2.975
62.16316,2.975
62.16316,2.556
62.16316,2.784
62.16316,2.9440742
34.8,2.9440742
34.8,2.975
34.8,7.303127
135.9,2.975
135.9,2.9440742
135.9,7.244
135.9,7.303127
135.9,7.6692615
127.7,2.9440742
127.7,7.303127
127.7,7.244
126.7,7.244
126.7,7.303127
126.7,7.6692615
129.15854,7.303127
129.15854,7.244
129.15854,7.6692615
121.44234,7.244
121.44234,7.6692615
138.13324,7.244
138.13324,7.6692615
138.13324,2.9440742
138.13324,7.303127
130.58952,7.6692615
130.58952,2.975
130.58952,7.0991383
160.66943,7.561032
160.66943,7.0991383
116.6,7.0991383
116.6,7.561032
128.82222,7.561032
128.82222,7.0991383
128.82222,2.8488371
/
19.94923,2.65
19.94923,7.133091
136.58154,2.65
136.58154,2.6612778
136.58154,7.126829
136.58154,7.133091
137.84483,2.65
137.84483,7.133091
137.84483,2.6612778
16.787737,2.6612778
132.66,2.6612778
132.66,7.126829
132.66,2.9440742
135.46352,7.133091
135.46352,7.126829
135.46352,2.975
135.46352,2.9440742
128.97238,7.126829
128.97238,2.9440742
128.97238,7.133091
133.6,7.133091
133.6,7.126829
133.6,2.65
36.039536,7.126829
36.039536,2.9440742
36.039536,2.975
62.16316,2.975
62.16316,2.9440742
62.16316,2.784
62.16316,2.556
126.27917,2.9440742
126.27917,2.975
126.27917,7.0671864
126.27917,2.8488371
132.66,2.975
137.84483,7.0671864
134.11818,2.6612778
134.11818,2.65
134.11818,7.0671864
20.344444,2.65
20.344444,7.0671864
125.45,2.65
125.45,7.0671864
125.45,2.8488371
135.46352,7.0671864
135.46352,2.784
135.46352,2.8488371
28.235437,7.0671864
28.235437,2.8488371
28.235437,2.784
49.969696,2.784
49.969696,2.8488371
49.969696,2.975
49.969696,2.556
43.710526,2.784
43.710526,2.975
43.710526,2.556
/
